1402412668.5,1402412669.625,1.24317e-10,1402412668.94693,32.0,192.0,69.88415,5.424156,0.99837774
1402412860.0,1402412860.625,1.24317e-10,1402412860.278778,16.0,384.0,79.493095,4.6878457,1.6961243
1402413163.875,1402413164.25,2.48634e-10,1402413164.031067,32.0,384.0,158.58713,5.595962,1.2529727
1402413255.0,1402413255.5,1.24317e-10,1402413255.2889404,16.0,192.0,68.830765,0.2699806,1.6542263
1402413363.375,1402413364.25,1.24317e-10,1402413363.6897583,32.0,1000.0,615.7662,1.4398967,0.15324302
1402413577.6875,1402413577.71875,1.24317e-10,1402413577.6990967,32.0,640.0,252.11697,5.2650766,2.4382668
1402211426.5,1402211427.125,1.24317e-10,1402211426.8446655,320.0,496.0,423.48282,2.8143435,2.8341978
1402211523.0,1402211523.375,1.24317e-10,1402211523.114563,64.0,448.0,230.55824,5.434955,0.6492301
1402211618.875,1402211619.25,1.24317e-10,1402211618.9954224,16.0,192.0,66.16751,1.7426022,0.99837774
1402211711.125,1402211711.5,1.24317e-10,1402211711.2493896,32.0,192.0,75.36628,1.6689711,1.88862
1402211124.25,1402211124.34375,1.24317e-10,1402211124.2793884,384.0,1408.0,824.8651,1.0062915,1.3181162
1402211219.875,1402211221.0,1.24317e-10,1402211220.3032532,704.0,1664.0,1335.03,5.4487,2.730455
1402399300.6875,1402399301.375,1.24317e-10,1402399300.974327,64.0,960.0,631.9874,2.9520137,0.7579643
1402399395.1875,1402399395.875,1.24317e-10,1402399395.4891205,32.0,1152.0,606.42163,4.565127,1.4664403
1402399493.5,1402399494.25,1.11885e-09,1402399493.7904358,48.0,88.0,69.8502,6.1359234,1.0229695
1402399814.875,1402399815.125,1.24317e-10,1402399814.9299927,32.0,192.0,78.86979,1.767146,1.2529727
1402400015.5,1402400016.125,1.24317e-10,1402400015.7280273,32.0,384.0,149.2763,0.03739991,2.5991404
1402400118.0,1402400119.0,1.24317e-10,1402400118.5291748,32.0,192.0,70.56199,0.36815542,1.3609258
1402369269.5,1402369270.25,1.24317e-10,1402369269.7468796,128.0,640.0,422.47415,2.7750735,2.7564845
1402369569.25,1402369569.75,1.24317e-10,1402369569.4498596,320.0,640.0,426.69077,3.2986724,2.7564845
1402369769.875,1402369770.625,1.24317e-10,1402369770.1486816,320.0,960.0,424.21198,1.4971652,1.2309594
1402369957.1875,1402369958.0,1.11885e-09,1402369957.3757324,16.0,384.0,74.047104,5.2278066,1.2309594
1402370154.375,1402370155.375,1.24317e-10,1402370154.823059,32.0,112.0,69.88344,2.2490947,2.572607
1402370246.25,1402370246.75,1.24317e-10,1402370246.4195557,16.0,384.0,104.18531,0.5399612,1.88862
1402369861.734375,1402369862.125,6.21584e-10,1402369861.9331665,1744.0,2040.0,1932.0145,1.4726217,1.4664403
1402370049.375,1402370049.5,1.24317e-10,1402370049.4136963,64.0,384.0,210.54146,3.9269907,1.8020179
1402277247.625,1402277248.375,1.24317e-10,1402277247.9354858,32.0,992.0,634.8244,2.1107576,1.7594128
1402277774.0,1402277774.625,1.24317e-10,1402277774.3118286,128.0,384.0,234.85728,3.3624861,1.6542263
1402277345.46875,1402277345.6875,1.24317e-10,1402277345.5246582,640.0,2040.0,1550.7236,4.1233406,1.6751524
1402276859.0,1402276859.75,1.24317e-10,1402276859.337494,32.0,1152.0,614.01526,0.032724924,2.5192242
1402277154.4140625,1402277154.9375,1.24317e-10,1402277154.7817688,48.0,1216.0,259.70285,2.0756953,2.7824485
1402292614.46875,1402292614.75,7.45901e-10,1402292614.5518646,16.0,384.0,112.862564,3.0892327,2.7564845
1402293019.125,1402293019.75,1.24317e-10,1402293019.3917847,128.0,1408.0,793.5663,2.8202934,2.572607
1402293117.875,1402293119.0,1.24317e-10,1402293118.3425903,896.0,1664.0,1343.3687,1.9389517,1.8667651
1402293575.25,1402293576.125,1.24317e-10,1402293575.6450195,48.0,88.0,70.18143,1.5315266,2.6255763
1402292816.4375,1402292816.5625,1.24317e-10,1402292816.477417,128.0,384.0,238.40921,6.1709857,0.5424523
1402293435.6875,1402293435.875,1.24317e-10,1402293435.7193604,32.0,640.0,242.96796,5.595962,2.5192242
1402292924.5742188,1402292924.6015625,1.6161199e-09,1402292924.5796509,1152.0,2016.0,1655.8821,5.955936,0.30739504
1402474408.375,1402474408.875,1.24317e-10,1402474408.683899,16.0,192.0,64.15377,0.638136,1.5499616
1402474507.875,1402474508.375,1.24317e-10,1402474508.0974731,16.0,384.0,139.38388,0.19634955,2.0705013
1402474605.9375,1402474606.375,1.24317e-10,1402474606.1697388,192.0,480.0,243.71373,4.783789,2.8599925
1402474710.0,1402474710.75,2.2377e-09,1402474710.399414,376.0,472.0,422.62488,2.9642448,0.8132037
1402473904.5,1402473904.75,1.24317e-10,1402473904.6226501,320.0,1248.0,770.09955,0.2699806,1.4873664
1402474011.125,1402474011.3125,1.24317e-10,1402474011.204773,32.0,704.0,304.6332,0.75519055,2.4653792
1402473797.53125,1402473797.59375,6.21584e-10,1402473797.551941,32.0,192.0,102.58575,4.884195,1.5291177
1402218018.25,1402218018.5,6.21584e-10,1402218018.325058,32.0,384.0,165.22333,5.212188,2.8599925
1402218247.25,1402218247.5,1.24317e-10,1402218247.2950134,16.0,192.0,71.59733,5.988661,0.92207664
1402218438.75,1402218439.5,1.24317e-10,1402218439.0829163,128.0,640.0,421.67416,3.107445,0.59562236
1402218533.875,1402218534.25,1.24317e-10,1402218534.0667114,32.0,192.0,71.64242,1.7822498,0.67621374
1402218629.0,1402218629.75,1.24317e-10,1402218629.2607422,320.0,640.0,425.40195,3.3133986,1.1410209
1402218730.875,1402218732.25,1.24317e-10,1402218731.361145,32.0,1152.0,595.3366,4.5291295,0.785505
1402218832.5,1402218832.875,1.24317e-10,1402218832.670105,32.0,192.0,70.45348,2.1353014,2.143215
1402218939.375,1402218940.125,1.24317e-10,1402218939.6878052,32.0,448.0,72.297676,4.749789,0.5424523
1402219031.0,1402219031.5,7.45901e-10,1402219031.166748,32.0,192.0,71.46403,3.0175824,2.6519203
1402282805.25,1402282805.875,1.6161199e-09,1402282805.357129,16.0,192.0,64.608505,4.9087386,2.8341978
1402282900.0,1402282900.625,1.24317e-10,1402282900.2943802,32.0,384.0,146.74663,3.4606607,1.2309594
1402282991.125,1402282991.875,1.24317e-10,1402282991.4028168,32.0,1664.0,344.51263,0.8590293,1.4033483
1402283092.4375,1402283092.875,1.24317e-10,1402283092.605011,128.0,384.0,232.95969,0.8099419,1.5291177
1402283508.625,1402283509.0,1.24317e-10,1402283508.7276611,16.0,192.0,67.76871,3.0811775,2.808351
1402283607.25,1402283607.875,1.24317e-10,1402283607.5870361,16.0,192.0,65.79817,2.7881637,2.6255763
1402283305.0,1402283305.25,1.24317e-10,1402283305.1241455,32.0,384.0,135.66031,0.24543692,1.4244412
1402262496.75,1402262497.375,1.24317e-10,1402262496.9624634,128.0,384.0,235.14392,5.0805445,2.0943952
1402262789.875,1402262791.125,1.24317e-10,1402262790.512268,1056.0,1728.0,1349.7393,2.7488935,0.25585246
1402263226.5,1402263227.25,1.24317e-10,1402263226.7626953,32.0,960.0,240.29968,2.969787,2.143215
1402262993.625,1402262993.8125,1.24317e-10,1402262993.6731567,32.0,704.0,224.40422,3.9024472,1.780667
1402262690.984375,1402262691.0625,1.24317e-10,1402262691.0037537,704.0,2032.0,1502.3435,4.1233406,0.8686821
1402262894.625,1402262894.8125,1.24317e-10,1402262894.7494507,64.0,384.0,240.4688,5.1787195,2.000572
1402489395.25,1402489395.75,1.24317e-10,1402489395.5370483,128.0,1408.0,797.74207,2.2825634,2.0469153
1402489487.0,1402489488.125,1.24317e-10,1402489487.5844421,896.0,1664.0,1348.5962,0.19634955,2.6255763
1402489595.125,1402489595.4375,1.24317e-10,1402489595.1790466,64.0,448.0,241.02759,3.1154127,0.785505
1402490105.75,1402490106.625,6.21584e-10,1402490106.0551147,16.0,384.0,88.3966,0.6872234,1.4244412
1402490392.125,1402490392.5,1.24317e-10,1402490392.2094727,16.0,384.0,132.27539,5.0323663,2.4382668
1402490301.0,1402490301.25,1.36748e-09,1402490301.039795,32.0,192.0,81.027306,2.1353014,0.99837774
1402490206.5,1402490206.59375,1.24317e-10,1402490206.5392456,384.0,1216.0,809.7065,0.57595867,2.7564845
1402489289.890625,1402489289.9375,1.6161199e-09,1402489289.9051285,320.0,1216.0,755.1319,1.840777,1.5291177
1402404276.375,1402404276.75,1.24317e-10,1402404276.5424805,32.0,192.0,78.43045,3.6324666,1.4244412
1402404366.75,1402404367.25,1.24317e-10,1402404367.0205078,32.0,704.0,250.41095,5.9111547,2.6519203
1402404507.0,1402404507.375,1.24317e-10,1402404507.1190186,32.0,192.0,78.58158,5.144358,2.6255763
1402404608.5,1402404609.125,1.24317e-10,1402404608.8145142,192.0,320.0,234.2738,1.6444275,0.9479698
1402404043.3125,1402404043.5,1.24317e-10,1402404043.3807526,32.0,448.0,200.35454,5.9777527,0.46341488
1402404827.71875,1402404827.78125,1.24317e-10,1402404827.7453613,64.0,448.0,229.23982,5.1430917,2.328389
1402404926.59375,1402404926.6875,1.24317e-10,1402404926.625,32.0,640.0,221.05524,1.8064158,0.785505
1402405060.625,1402405061.375,1.24317e-10,1402405060.9169922,32.0,1152.0,605.1696,2.012583,1.1179798
1402462876.5,1402462877.0,1.24317e-10,1402462876.7374725,64.0,448.0,243.06169,0.21419948,0.28160024
1402463081.125,1402463081.875,1.24317e-10,1402463081.4685974,64.0,684.0,424.61923,2.934909,0.48967242
1402463187.75,1402463188.1875,1.24317e-10,1402463187.9594727,48.0,896.0,252.07158,3.534292,1.0229695
1402463611.9375,1402463612.25,1.24317e-10,1402463612.0761108,16.0,400.0,144.20723,5.2687125,2.5192242
1402463925.875,1402463926.8125,1.24317e-10,1402463926.2824707,32.0,1664.0,825.65344,0.46633017,1.9551933
1402462982.5859375,1402462982.6171875,6.21584e-10,1402462982.5969086,1056.0,1984.0,1510.3138,0.3926991,1.4664403
1402463288.046875,1402463288.75,1.24317e-10,1402463288.2348938,128.0,960.0,680.5084,1.4726217,1.5082557
1402463816.5625,1402463817.5,1.24317e-10,1402463816.9416504,1088.0,1664.0,1364.5116,0.4417865,1.9328191
1402284008.875,1402284009.75,1.24317e-10,1402284009.3896542,32.0,384.0,147.32405,4.1296744,0.8132037
1402284411.875,1402284413.125,1.24317e-10,1402284412.4699707,896.0,1728.0,1349.2832,5.325981,1.4454684
1402285021.5234375,1402285021.59375,2.9836e-09,1402285021.5368652,128.0,384.0,227.81961,6.1113796,0.8410687
1402291505.65625,1402291506.25,1.24317e-10,1402291505.85437,120.0,1408.0,830.4605,1.6081964,2.5991404
1402291599.25,1402291599.875,1.24317e-10,1402291599.3972168,128.0,384.0,237.42444,2.0862138,1.4873664
1402291795.0,1402291795.5,1.24317e-10,1402291795.2767334,16.0,192.0,65.39988,6.1359234,1.0710913
1402292101.0,1402292101.625,1.24317e-10,1402292101.2266235,320.0,640.0,428.44797,4.147884,1.8667651
1402292202.75,1402292203.125,1.24317e-10,1402292202.899109,64.0,448.0,226.02159,0.638136,1.633337
1402291409.375,1402291409.5625,1.24317e-10,1402291409.4374542,384.0,1152.0,788.71155,5.497787,2.7043543
1402291892.25,1402291893.0,1.24317e-10,1402291892.553955,32.0,1152.0,591.37756,4.5896707,1.6542263
1402280909.5,1402280910.25,1.24317e-10,1402280909.864502,32.0,1216.0,342.96747,2.2478638,0.7579643
1402281122.0625,1402281122.625,1.24317e-10,1402281122.1900635,32.0,640.0,200.36287,5.129632,2.300524
1402281258.625,1402281259.8125,1.24317e-10,1402281259.2182007,1088.0,1664.0,1342.0358,0.24543692,2.023613
1402281359.5,1402281360.75,1.24317e-10,1402281359.9134521,16.0,192.0,74.22358,4.098797,0.8956648
1402281460.875,1402281461.25,1.24317e-10,1402281460.973877,16.0,224.0,80.1203,1.4726217,1.1179798
1402280673.6875,1402280673.875,1.24317e-10,1402280673.7304077,32.0,640.0,213.99313,2.6868887,0.48967242
1402281561.25,1402281561.34375,1.24317e-10,1402281561.2645264,32.0,704.0,253.09348,6.1709857,0.5424523
1402511663.1875,1402511663.3125,1.24317e-10,1402511663.2367249,32.0,384.0,136.36282,1.7180586,1.5916312
1402297297.125,1402297297.625,1.24317e-10,1402297297.254036,64.0,1408.0,785.7656,1.5462526,1.780667
1402297406.0,1402297406.75,1.24317e-10,1402297406.3067474,16.0,384.0,67.129074,2.3071072,2.219516
1402297510.0,1402297510.375,1.24317e-10,1402297510.1514282,48.0,704.0,240.99963,2.0420353,0.12766427
1402297612.5,1402297613.125,1.24317e-10,1402297612.728241,16.0,192.0,78.60087,5.522331,0.8956648
1402297714.625,1402297715.0,1.24317e-10,1402297714.77063,64.0,456.0,247.34752,4.8694687,2.7564845
1402297900.734375,1402297901.25,1.24317e-10,1402297900.9035034,60.0,1344.0,836.67175,3.8042724,1.4454684
1402298089.75,1402298090.5,1.24317e-10,1402298090.0219116,16.0,384.0,142.69536,1.3499031,1.9551933
1402298391.9375,1402298392.2578125,1.24317e-10,1402298392.0130615,32.0,384.0,218.89569,2.769562,0.48967242
1402298299.4453125,1402298300.125,2.11339e-09,1402298299.8234863,1120.0,2032.0,1761.9689,0.8099419,1.3609258
1402353771.25,1402353771.875,1.24317e-10,1402353771.6379395,64.0,384.0,233.85172,5.2650766,0.70332605
1402353970.125,1402353970.5,1.24317e-10,1402353970.314331,32.0,384.0,154.31651,1.739096,0.35914433
1402354068.0,1402354068.375,1.24317e-10,1402354068.0812683,16.0,384.0,101.35681,5.0489883,2.5991404
1402354164.625,1402354165.0,1.24317e-10,1402354164.6707764,32.0,192.0,78.98558,5.0560007,1.4244412
1402353675.375,1402353675.5625,1.11885e-09,1402353675.422058,64.0,896.0,606.2358,5.6186175,2.808351
1402234867.5,1402234868.0,1.24317e-10,1402234867.7139435,16.0,192.0,65.22335,2.1353014,2.143215
1402234977.75,1402234978.5,1.24317e-10,1402234978.0246124,128.0,1472.0,434.837,4.3039823,0.6492301
1402235073.875,1402235074.625,1.24317e-10,1402235074.1585693,32.0,896.0,255.11903,5.867387,2.7043543
1402235165.125,1402235165.5625,1.24317e-10,1402235165.3320007,384.0,1408.0,868.4626,3.7060978,1.4454684
1402235271.875,1402235272.375,1.24317e-10,1402235272.0033264,64.0,448.0,240.10074,3.5670166,0.6223685
1402235863.75,1402235864.25,1.24317e-10,1402235863.9143066,64.0,448.0,245.0572,5.2523503,1.2965378
1402235964.0,1402235964.75,1.24317e-10,1402235964.2399902,128.0,384.0,235.46107,3.534292,0.56898564
1402235767.7539062,1402235768.0625,1.24317e-10,1402235767.9295654,384.0,1408.0,795.4125,3.288855,1.7594128
1402235364.75,1402235366.0,1.24317e-10,1402235365.2462769,1056.0,1664.0,1341.9711,3.3228383,2.808351
1402243263.125,1402243263.5,7.45901e-10,1402243263.2427063,16.0,384.0,82.96097,0.8590293,1.3609258
1402243453.125,1402243453.625,1.24317e-10,1402243453.2141113,128.0,384.0,235.2705,4.147884,0.8956648
1402243551.25,1402243551.625,1.24317e-10,1402243551.379486,16.0,448.0,67.195946,4.1969714,1.7382444
1402243648.4375,1402243649.1875,1.24317e-10,1402243648.7050476,64.0,1600.0,882.1845,2.9206994,2.143215
1402243838.875,1402243839.25,1.24317e-10,1402243838.9890747,128.0,384.0,237.6838,3.2070425,2.8341978
1402244040.75,1402244041.5,1.24317e-10,1402244041.1297607,32.0,1408.0,330.1093,4.025166,1.7594128
1402244249.375,1402244249.75,1.24317e-10,1402244249.479004,32.0,736.0,305.80023,3.5588355,1.3181162
1402480894.625,1402480895.125,1.24317e-10,1402480894.729126,384.0,896.0,719.33484,1.4480779,1.1410209
1402480993.125,1402480993.5,1.24317e-10,1402480993.2248993,32.0,192.0,77.58353,2.8181934,2.7043543
1402481183.5,1402481183.875,1.24317e-10,1402481183.6271667,32.0,192.0,73.422035,6.068986,0.28160024
1402481291.875,1402481292.5,1.24317e-10,1402481292.0724182,32.0,1152.0,336.03378,1.8162333,0.4111379
1402481401.125,1402481401.75,1.24317e-10,1402481401.4815063,16.0,192.0,66.37746,3.3624861,1.3181162
1402481494.875,1402481495.75,1.24317e-10,1402481495.2279053,64.0,1664.0,900.34045,2.552544,2.1682029
1402481587.25,1402481587.875,1.24317e-10,1402481587.4276123,16.0,960.0,257.0503,4.6633015,2.1186233
1402481892.25,1402481892.75,1.24317e-10,1402481892.338379,16.0,192.0,63.135853,2.9943304,2.0705013
1402253129.75,1402253131.25,1.24317e-10,1402253130.563263,896.0,1728.0,1349.1976,5.301438,2.8341978
1402253327.25,1402253327.75,6.21584e-10,1402253327.5402222,16.0,192.0,74.8974,2.1107576,1.4664403
1402253420.375,1402253420.875,1.24317e-10,1402253420.6018677,128.0,416.0,235.67004,1.7916895,1.3609258
1402253618.125,1402253618.5,1.24317e-10,1402253618.2172852,32.0,96.0,69.93523,3.4852045,1.7594128
1402253808.25,1402253808.875,1.24317e-10,1402253808.5275269,128.0,1408.0,792.0407,6.105838,0.8132037
1402253916.3125,1402253916.875,1.24317e-10,1402253916.496582,16.0,896.0,260.10693,0.93266034,2.730455
1402301114.0,1402301114.375,8.7021806e-10,1402301114.1631165,16.0,192.0,63.9418,0.5154176,2.0469153
1402301212.46875,1402301212.875,2.2377e-09,1402301212.667328,1456.0,2040.0,1865.5309,1.288053,2.4923625
1402301506.125,1402301506.625,1.24317e-10,1402301506.1953125,16.0,192.0,77.0406,0.17180584,2.143215
1402301799.75,1402301800.125,8.7021806e-10,1402301799.9348755,32.0,704.0,246.68439,3.0149157,0.8132037
1402301407.96875,1402301408.0625,1.6161199e-09,1402301408.0006714,16.0,192.0,77.78032,3.6277916,0.5424523
1402301707.75,1402301708.25,1.24317e-10,1402301707.9128418,320.0,480.0,423.32587,2.9943304,2.1682029
1402484477.0,1402484477.625,1.24317e-10,1402484477.2474442,320.0,896.0,426.1493,1.521709,1.0710913
1402484769.375,1402484770.125,1.24317e-10,1402484769.7261047,16.0,384.0,101.614746,3.1730084,0.6492301
1402484870.0,1402484870.53125,1.24317e-10,1402484870.2615662,48.0,1408.0,846.54364,0.46633017,1.4454684
1402485068.3125,1402485068.875,1.24317e-10,1402485068.4640503,32.0,736.0,310.4639,0.5154176,2.000572
1402484583.890625,1402484583.953125,1.24317e-10,1402484583.9057465,384.0,1152.0,791.98096,6.2586417,1.1863996
1402484674.09375,1402484674.15625,1.11885e-09,1402484674.1264343,128.0,704.0,379.2029,0.957204,1.4454684
1402484963.125,1402484964.25,1.24317e-10,1402484963.5857544,544.0,1728.0,1351.3347,4.9332824,0.99837774
1402485262.375,1402485263.25,1.24317e-10,1402485262.7193604,32.0,960.0,607.35785,2.2478638,0.7579643
1402444881.875,1402444882.5,1.24317e-10,1402444882.0770721,32.0,896.0,250.92035,1.6198838,1.5916312
1402445116.5625,1402445117.0,1.24317e-10,1402445116.7246704,32.0,896.0,255.99937,5.203263,1.88862
1402445708.875,1402445709.125,1.24317e-10,1402445708.9291382,32.0,192.0,78.17405,6.144586,2.7043543
1402445818.125,1402445818.875,1.24317e-10,1402445818.4726562,16.0,192.0,80.58247,5.497787,0.6492301
1402445216.9375,1402445217.0,1.24317e-10,1402445216.9527588,896.0,1472.0,1275.5327,5.137813,2.5192242
1402445610.9375,1402445610.984375,1.24317e-10,1402445610.9562378,1152.0,1984.0,1583.3196,3.0293927,2.5991404
1402445921.890625,1402445922.5,6.21584e-10,1402445922.046997,64.0,384.0,223.8288,4.638758,0.8956648
1402361205.25,1402361206.375,1.24317e-10,1402361205.7271118,384.0,1664.0,1349.5286,5.3611965,0.59562236
1402361310.25,1402361310.625,1.24317e-10,1402361310.3777466,32.0,208.0,78.748795,4.3687773,1.88862
1402361709.625,1402361710.25,1.24317e-10,1402361709.8190308,64.0,384.0,234.7786,3.3379421,0.7305738
1402360805.25,1402360806.0,1.24317e-10,1402360805.5540886,56.0,960.0,673.2767,1.9880391,1.6961243
1402361512.625,1402361512.65625,1.24317e-10,1402361512.633484,384.0,1184.0,791.9214,0.638136,1.633337
1402361113.875,1402361114.25,1.24317e-10,1402361113.999939,64.0,384.0,165.33824,4.638758,1.0471976
1402361615.5292969,1402361615.609375,7.45901e-10,1402361615.5773926,384.0,2016.0,1573.3074,2.25802,0.8686821
1402204858.375,1402204859.0,1.24317e-10,1402204858.5387344,64.0,896.0,236.22395,0.5399612,1.9328191
1402205519.375,1402205519.875,1.24317e-10,1402205519.645752,16.0,192.0,74.54853,2.3561945,3.0139287
1402205725.125,1402205725.75,1.24317e-10,1402205725.305664,32.0,704.0,318.80365,0.18325958,2.3560877
1402205931.625,1402205933.0,1.11885e-09,1402205932.4353027,32.0,448.0,72.30148,4.2411504,0.6492301
1402205417.3125,1402205417.5,1.24317e-10,1402205417.3684082,64.0,384.0,226.60168,4.565127,1.2087735
1402364571.75,1402364572.0,1.24317e-10,1402364571.8381195,320.0,1408.0,809.7646,0.66267973,2.193623
1402364676.0,1402364676.5,1.24317e-10,1402364676.164795,128.0,384.0,235.29868,0.5890486,1.4664403
1402364885.375,1402364886.125,1.24317e-10,1402364885.7088623,1152.0,1664.0,1340.4943,3.1906803,0.92207664
1402364989.875,1402364990.125,1.24317e-10,1402364989.9129028,32.0,192.0,73.1261,5.2278066,2.193623
1402365300.625,1402365301.0,1.24317e-10,1402365300.7781372,32.0,192.0,71.01266,3.534292,2.88574
1402365393.25,1402365393.75,6.21584e-10,1402365393.4454956,32.0,704.0,224.86627,3.3133986,0.99837774
1402365533.0,1402365533.5,1.24317e-10,1402365533.2011719,16.0,192.0,68.19602,0.12271846,2.245928
1402364781.125,1402364781.21875,1.24317e-10,1402364781.1650085,896.0,1664.0,1271.3438,1.4235342,1.1638212
1402365093.4375,1402365093.5,2.48634e-10,1402365093.4509888,896.0,2032.0,1569.6346,1.9792035,2.4923625
1402364479.125,1402364479.5,1.24317e-10,1402364479.2819214,64.0,704.0,292.00858,3.583379,0.92207664
1402499110.25,1402499110.625,1.24317e-10,1402499110.3609924,32.0,384.0,145.30054,3.836368,0.67621374
1402499211.75,1402499212.125,2.48634e-10,1402499211.9148865,64.0,384.0,160.84892,2.6752627,2.300524
1402499312.75,1402499313.25,1.24317e-10,1402499312.8615723,32.0,896.0,293.4617,0.60059863,2.7043543
1402499895.875,1402499896.5,1.24317e-10,1402499896.019165,160.0,320.0,234.88312,0.46633017,1.612475
1402499494.671875,1402499495.25,6.21584e-10,1402499494.9542236,1504.0,2044.0,1864.3733,0.14726216,1.4244412
1402499598.109375,1402499598.40625,7.45901e-10,1402499598.2698975,352.0,960.0,727.94977,2.0348954,0.56898564
1402498906.0,1402498906.5,1.24317e-10,1402498906.210518,32.0,1920.0,323.83636,4.6878457,1.9551933
1402407717.75,1402407718.125,1.24317e-10,1402407717.9092102,32.0,384.0,113.11399,4.000622,1.6542263
1402407945.5,1402407946.0,1.24317e-10,1402407945.7887878,128.0,384.0,237.67595,5.206899,2.4382668
1402408146.5,1402408147.75,1.24317e-10,1402408147.0959473,1088.0,1664.0,1331.1857,6.0521865,0.43723843
1402408546.75,1402408547.25,1.24317e-10,1402408546.8204956,16.0,384.0,132.66212,0.5399612,1.9328191
1402408638.25,1402408638.75,1.24317e-10,1402408638.4511719,32.0,1216.0,327.00784,2.5656343,2.7564845
1402408735.0,1402408735.375,1.24317e-10,1402408735.1571045,16.0,384.0,137.19629,3.4033923,2.9114454
1402408246.5,1402408246.625,1.24317e-10,1402408246.5474854,32.0,448.0,234.67096,3.2129927,2.8599925
1402238477.0,1402238477.75,1.24317e-10,1402238477.3165207,32.0,1504.0,342.9779,1.0799224,1.4244412
1402238586.625,1402238587.125,1.24317e-10,1402238586.765442,128.0,384.0,234.85135,2.9943304,2.0705013
1402238685.625,1402238686.0,1.24317e-10,1402238685.7641296,32.0,192.0,71.93081,2.9943304,2.0705013
1402238974.375,1402238975.25,1.24317e-10,1402238974.7478638,16.0,384.0,82.65979,5.6941366,3.0394864
1402239067.5,1402239068.125,1.24317e-10,1402239067.8833008,32.0,192.0,71.02019,2.8667033,2.6255763
1402239158.375,1402239159.125,1.24317e-10,1402239158.8347778,28.0,896.0,243.76683,3.288855,0.9733899
1402239256.75,1402239257.5,1.24317e-10,1402239257.09729,112.0,1152.0,618.26776,6.039441,2.3836286
1402239363.875,1402239364.25,1.24317e-10,1402239364.0446777,32.0,224.0,145.16777,1.2271847,1.88862
1402238784.9375,1402238785.15625,1.24317e-10,1402238785.0408936,64.0,640.0,257.55743,5.0560007,1.4664403
1402487220.125,1402487220.875,1.24317e-10,1402487220.4484558,48.0,88.0,69.92107,5.203263,2.5192242
1402487312.875,1402487313.75,1.24317e-10,1402487313.1998901,16.0,1664.0,855.95844,2.1353014,2.143215
1402487717.375,1402487718.25,1.24317e-10,1402487717.8149414,16.0,960.0,245.10228,5.7857666,0.785505
1402486806.9375,1402486807.125,1.24317e-10,1402486807.0003395,32.0,640.0,233.75471,0.09062286,2.4653792
1402487025.6875,1402487025.9375,1.24317e-10,1402487025.8272552,16.0,192.0,86.468315,3.9024472,1.3181162
1402487123.3125,1402487123.5625,1.24317e-10,1402487123.3874207,128.0,1408.0,765.6906,3.534292,1.6751524
1402487519.5546875,1402487519.75,1.24317e-10,1402487519.6361694,64.0,448.0,204.83223,2.913574,2.328389
1402487621.5,1402487621.65625,1.24317e-10,1402487621.5898438,64.0,640.0,262.23273,3.9515347,1.5291177
1402245845.25,1402245846.0,1.24317e-10,1402245845.509674,128.0,896.0,239.72481,4.6878457,2.143215
1402246143.75,1402246144.25,1.24317e-10,1402246143.925171,64.0,384.0,151.71794,2.969787,2.245928
1402246350.75,1402246351.25,1.24317e-10,1402246350.850647,16.0,384.0,77.65543,4.025166,1.38218
1402246648.875,1402246649.75,1.24317e-10,1402246649.2753906,32.0,896.0,70.60937,1.7426022,0.9479698
1402246036.4375,1402246036.625,1.24317e-10,1402246036.5147095,128.0,1408.0,789.2426,2.146755,2.7564845
1402246445.8125,1402246445.9375,1.24317e-10,1402246445.8512573,16.0,384.0,107.46409,1.8162333,1.2529727
1402245644.0,1402245644.875,1.24317e-10,1402245644.4598045,1072.0,2044.0,1740.8843,1.6198838,1.6751524
1402455718.0,1402455719.375,1.24317e-10,1402455718.7431335,1056.0,1728.0,1350.813,2.1598449,0.9733899
1402455821.1875,1402455821.625,6.21584e-10,1402455821.4025574,384.0,896.0,716.50854,2.8697243,0.67621374
1402455919.75,1402455920.5,1.24317e-10,1402455920.102234,32.0,384.0,166.05934,2.969787,2.0469153
1402456010.625,1402456011.625,1.24317e-10,1402456011.0197449,128.0,640.0,425.19864,5.3505254,0.92207664
1402456348.9375,1402456349.25,2.9836e-09,1402456349.0427246,144.0,288.0,235.13768,0.6021386,2.3560877
1402456454.5234375,1402456455.0,1.24317e-10,1402456454.7427368,96.0,960.0,633.46173,2.4543693,2.9371123
1402312938.9375,1402312940.0,1.24317e-10,1402312939.4112244,1088.0,1920.0,1345.4221,1.767146,0.30739504
1402313029.875,1402313030.375,1.24317e-10,1402313030.1304932,16.0,640.0,198.73921,3.2201324,2.88574
1402313371.1875,1402313371.75,1.24317e-10,1402313371.3296509,32.0,384.0,146.60548,0.319068,2.0469153
1402313462.25,1402313462.625,1.24317e-10,1402313462.3883057,896.0,1664.0,1274.74,5.129632,1.2309594
1402313552.375,1402313552.75,1.24317e-10,1402313552.5040894,192.0,320.0,236.08318,0.07853982,0.25585246
1402313756.25,1402313756.625,1.24317e-10,1402313756.4250488,32.0,192.0,109.55557,1.942827,0.48967242
1402313965.703125,1402313965.765625,1.24317e-10,1402313965.722046,320.0,1152.0,732.0905,3.2257426,0.7305738
1402312847.375,1402312848.125,1.24317e-10,1402312847.6631355,320.0,640.0,424.9566,3.3133986,1.7382444
1402327876.75,1402327877.0,1.24317e-10,1402327876.8104858,16.0,192.0,67.56869,5.0069137,2.1682029
1402328183.40625,1402328183.46875,1.24317e-10,1402328183.4230957,384.0,1216.0,785.7351,2.1908476,2.6519203
1402327386.0,1402327386.25,1.24317e-10,1402327386.1382904,640.0,2040.0,1542.5817,3.85336,1.5291177
1402327675.0,1402327676.375,1.24317e-10,1402327675.6777039,896.0,1728.0,1351.4602,1.3989905,1.9106333
1402233659.875,1402233660.375,1.24317e-10,1402233659.9949188,16.0,384.0,78.02532,1.3253595,2.2729106
1402233753.0,1402233753.75,1.24317e-10,1402233753.2999725,16.0,1408.0,120.35147,0.49087384,1.9777715
1402233864.375,1402233864.75,1.24317e-10,1402233864.4970093,16.0,192.0,64.53379,1.521709,2.1186233
1402233969.0,1402233969.375,1.24317e-10,1402233969.0834656,144.0,288.0,235.2136,3.2070425,2.8341978
1402234071.25,1402234071.625,1.24317e-10,1402234071.3854675,32.0,192.0,70.21823,5.105088,1.5916312
1402234162.25,1402234162.875,1.24317e-10,1402234162.524475,192.0,320.0,235.41277,2.0371265,1.8234766
1402234469.5,1402234470.5,1.24317e-10,1402234469.932129,32.0,1664.0,815.0523,4.1724277,1.7171515
1402234671.625,1402234672.25,1.24317e-10,1402234671.7471924,16.0,192.0,76.334625,3.681554,1.4664403
1402234772.5625,1402234772.8125,1.24317e-10,1402234772.6241455,320.0,1408.0,774.5275,3.9924407,0.30739504
1402234257.5429688,1402234258.125,1.24317e-10,1402234257.776245,320.0,1920.0,865.4019,2.8225248,2.300524
1402367061.625,1402367062.625,1.24317e-10,1402367062.0093994,32.0,224.0,70.032295,3.1661363,1.8234766
1402367363.1875,1402367363.5,1.24317e-10,1402367363.30188,32.0,384.0,106.29723,1.8898644,0.9479698
1402367460.75,1402367461.875,1.24317e-10,1402367461.5829468,32.0,1216.0,307.81207,6.039441,2.3836286
1402367877.25,1402367878.375,1.24317e-10,1402367877.762207,896.0,1664.0,1337.0604,5.129632,1.3181162
1402367979.0,1402367979.5,1.24317e-10,1402367979.2315674,32.0,896.0,234.54645,2.8961558,0.4111379
1402367160.4375,1402367160.5625,7.45901e-10,1402367160.5136414,32.0,448.0,204.20876,3.6324666,1.7171515
1402367258.3125,1402367258.46875,6.21584e-10,1402367258.3761902,32.0,192.0,78.99969,1.7603753,0.7579643
1402366964.34375,1402366964.4375,1.24317e-10,1402366964.37529,384.0,1152.0,791.6247,2.588905,0.70332605
1402431816.375,1402431817.125,1.24317e-10,1402431816.6591187,128.0,384.0,233.00505,1.1535536,1.2748276
1402431914.0,1402431915.25,1.24317e-10,1402431914.6402588,832.0,1856.0,1348.9624,5.1787195,1.8234766
1402432220.125,1402432220.75,1.24317e-10,1402432220.4088135,16.0,192.0,67.74587,1.6198838,1.4664403
1402432608.125,1402432608.875,1.24317e-10,1402432608.3513794,128.0,384.0,235.25822,2.9943304,2.219516
1402431616.5625,1402431616.6875,6.21584e-10,1402431616.6025925,32.0,192.0,75.24364,0.73631084,2.219516
1402431712.875,1402431713.0625,7.45901e-10,1402431712.932602,24.0,192.0,77.01761,4.147884,1.8234766
1402432320.375,1402432320.5,6.21584e-10,1402432320.3972778,16.0,384.0,88.31164,3.6324666,2.9371123
1402490594.25,1402490594.875,1.24317e-10,1402490594.5799713,16.0,896.0,250.40936,6.086836,1.0229695
1402490906.25,1402490906.875,1.24317e-10,1402490906.569458,16.0,192.0,63.556274,1.7180586,1.2965378
1402491382.375,1402491382.75,1.24317e-10,1402491382.52594,32.0,192.0,71.47337,4.6633015,2.1186233
1402490492.34375,1402490492.5625,6.21584e-10,1402490492.434227,16.0,192.0,77.005,2.0371265,1.8667651
1402491192.9375,1402491193.125,1.24317e-10,1402491192.987732,16.0,192.0,76.65699,1.8601537,0.48967242
1402491088.6875,1402491088.75,1.6161199e-09,1402491088.7078247,64.0,384.0,223.01651,5.6602836,2.3836286
1402490686.2070312,1402490686.75,1.24317e-10,1402490686.4230957,16.0,640.0,216.11665,3.6570103,1.6961243
1402409235.4375,1402409236.375,1.24317e-10,1402409235.894928,1056.0,2044.0,1697.3596,4.2951465,1.1863996
1402409343.375,1402409344.0,1.24317e-10,1402409343.6069336,16.0,384.0,99.757645,2.3316507,1.8234766
1402409547.875,1402409548.5,1.24317e-10,1402409548.2241821,16.0,192.0,65.43016,6.1959186,2.9114454
1402409934.75,1402409935.75,1.24317e-10,1402409935.1518555,128.0,640.0,425.8244,4.957826,2.730455
1402408834.0625,1402408834.1875,1.74044e-09,1402408834.0802612,32.0,192.0,102.76545,6.239552,0.46341488
1402409748.71875,1402409748.875,1.6161199e-09,1402409748.758545,16.0,192.0,81.509186,2.012583,1.38218
1402408942.7421875,1402408943.625,1.24317e-10,1402408943.1523743,704.0,2044.0,1772.6758,1.290297,2.7824485
1402351686.875,1402351687.5,1.24317e-10,1402351687.124176,288.0,640.0,428.85663,0.16829962,2.7824485
1402351778.5,1402351779.0,6.21584e-10,1402351778.5952759,32.0,96.0,69.3905,1.767146,0.7305738
1402351876.5625,1402351877.0,1.24317e-10,1402351876.6641693,16.0,192.0,66.80283,1.0553788,1.6961243
1402351972.25,1402351972.75,1.24317e-10,1402351972.4673157,32.0,384.0,107.31535,6.2586417,1.3609258
1402352080.375,1402352081.25,1.24317e-10,1402352080.8032837,128.0,640.0,422.78146,0.8590293,2.245928
1402352184.5,1402352184.6875,1.24317e-10,1402352184.5428467,640.0,2040.0,1550.6852,0.2699806,1.5707964
1402352372.484375,1402352372.515625,1.6161199e-09,1402352372.4873657,1088.0,1472.0,1275.0247,4.6142144,2.023613
1402352280.6875,1402352280.9375,2.9836e-09,1402352280.77771,576.0,896.0,710.0933,4.7369328,1.4873664
1402259176.0,1402259176.75,1.24317e-10,1402259176.3119812,32.0,1600.0,868.03827,3.509748,1.3609258
1402259506.25,1402259507.0,1.24317e-10,1402259506.4545898,48.0,80.0,69.9282,0.11219974,0.17884691
1402259993.875,1402259994.25,2.3620201e-09,1402259994.0056152,16.0,56.0,23.394999,2.4543693,0.20448022
1402259066.0,1402259066.125,1.24317e-10,1402259066.0216064,32.0,640.0,279.1533,1.8325958,0.5424523
1402259608.625,1402259608.8125,1.24317e-10,1402259608.6845703,64.0,384.0,235.20544,3.534292,0.46341488
1402259898.3125,1402259898.5,2.2377e-09,1402259898.3533936,16.0,192.0,62.968334,2.0371265,1.2748276
1402285230.125,1402285230.5,1.24317e-10,1402285230.2791405,32.0,384.0,104.984024,3.3624861,1.7382444
1402285438.25,1402285438.625,1.24317e-10,1402285438.3345184,16.0,192.0,72.29454,0.049087387,1.38218
1402285546.875,1402285547.25,6.21584e-10,1402285546.9388428,96.0,384.0,233.62088,0.49087384,1.9777715
1402285969.75,1402285970.125,1.24317e-10,1402285969.8658447,32.0,192.0,71.00667,1.5953401,1.2748276
1402286273.625,1402286273.875,1.24317e-10,1402286273.689209,32.0,192.0,70.51629,0.2699806,1.4033483
1402285646.625,1402285646.75,1.36748e-09,1402285646.6657104,16.0,192.0,64.91295,3.1170492,1.9106333
1402286178.0625,1402286178.109375,1.24317e-10,1402286178.0790405,320.0,1152.0,717.6002,6.1959186,2.9114454
1402296132.5,1402296132.875,1.24317e-10,1402296132.6985931,32.0,192.0,77.861565,1.7916895,0.8410687
1402296228.625,1402296229.375,1.24317e-10,1402296228.961609,32.0,1152.0,587.5288,0.6872234,1.633337
1402296320.375,1402296321.125,1.24317e-10,1402296320.797058,192.0,320.0,235.54974,4.1969714,0.99837774
1402296418.25,1402296418.75,1.24317e-10,1402296418.5531921,32.0,384.0,105.26436,0.46633017,1.8667651
1402296508.8125,1402296509.125,1.24317e-09,1402296508.8862305,16.0,192.0,74.60637,5.2561264,2.808351
1402296727.46875,1402296728.5,1.24317e-10,1402296727.8065186,1136.0,1664.0,1353.2711,4.9872785,2.6255763
1402296824.125,1402296824.3125,1.24317e-10,1402296824.2033691,32.0,384.0,139.73137,1.7180586,1.1638212
1402403137.875,1402403138.5,1.24317e-10,1402403138.1581726,32.0,448.0,88.09035,6.1709857,0.5424523
1402403234.25,1402403234.5,1.24317e-10,1402403234.3044128,128.0,384.0,239.27153,6.1709857,0.5424523
1402403325.375,1402403326.125,1.24317e-10,1402403325.640564,32.0,1152.0,571.88965,5.8904867,0.35914433
1402403535.375,1402403535.75,1.24317e-10,1402403535.534546,64.0,448.0,235.16394,1.0308352,1.4664403
1402403840.5,1402403841.375,1.24317e-10,1402403840.866455,16.0,960.0,242.12091,4.000622,1.4033483
1402403430.125,1402403430.5,1.24317e-10,1402403430.2243042,128.0,384.0,234.97694,3.4115732,1.5291177
1402477214.5,1402477215.75,1.24317e-10,1402477215.082489,32.0,192.0,70.28161,5.129632,1.2309594
1402477317.0,1402477317.875,1.24317e-10,1402477317.394806,128.0,640.0,422.69818,1.4971652,1.3609258
1402477616.25,1402477616.75,1.24317e-10,1402477616.4753723,320.0,480.0,423.7471,5.939574,0.4111379
1402478127.5,1402478128.875,1.24317e-10,1402478128.1585693,832.0,1776.0,1356.9047,2.7052603,2.4382668
1402478330.25,1402478330.625,1.24317e-10,1402478330.3494873,32.0,720.0,313.18405,0.49087384,0.20448022
1402478233.25,1402478234.375,1.24317e-10,1402478233.8099365,1088.0,1664.0,1342.1414,2.3561945,0.23014726
1402288854.5,1402288855.125,1.24317e-10,1402288854.8585052,32.0,704.0,301.88968,1.4480779,1.0946773
1402289296.0,1402289296.75,1.24317e-10,1402289296.331665,16.0,384.0,104.34112,5.9811096,0.33324155
1402289494.875,1402289495.5,1.24317e-10,1402289495.1658325,320.0,640.0,418.61618,1.1044662,1.3609258
1402289602.75,1402289603.5,1.24317e-10,1402289603.0773315,32.0,896.0,261.8845,2.9452434,2.0705013
1402289915.75,1402289916.5,6.21584e-10,1402289916.0216064,48.0,88.0,69.99954,5.276894,2.143215
1402288962.0,1402288963.0,2.48634e-10,1402288962.4923096,448.0,1664.0,1323.2083,5.325981,1.4454684
1402464137.375,1402464137.875,1.24317e-10,1402464137.6040192,128.0,384.0,235.20006,5.2561264,2.808351
1402464549.25,1402464549.5,1.24317e-10,1402464549.316101,16.0,192.0,65.48399,0.638136,1.5499616
1402464656.875,1402464657.625,1.24317e-10,1402464657.1379395,16.0,1408.0,342.8561,4.344234,1.8234766
1402464753.75,1402464754.5,1.24317e-10,1402464754.095337,64.0,1152.0,611.991,1.2687201,2.808351
1402464849.875,1402464850.625,1.24317e-10,1402464850.2662354,1088.0,1504.0,1325.5911,6.037749,1.0710913
1402464951.5,1402464952.125,1.24317e-10,1402464951.8188477,32.0,224.0,70.63422,0.5154176,1.4454684
1402465152.0,1402465152.375,1.24317e-10,1402465152.097046,32.0,384.0,143.07056,4.565127,1.9777715
1402323632.875,1402323633.5,1.24317e-10,1402323633.1757355,128.0,384.0,235.23874,0.22089325,1.8234766
1402323831.875,1402323832.375,1.24317e-10,1402323832.191864,640.0,2040.0,1557.0527,4.4669523,1.633337
1402323938.125,1402323939.375,1.24317e-10,1402323938.722168,896.0,1920.0,1348.3229,1.1780972,1.2965378
1402324341.625,1402324341.875,1.24317e-10,1402324341.677246,32.0,192.0,80.05306,4.9332824,2.0469153
1402324450.25,1402324450.75,6.21584e-10,1402324450.472107,16.0,640.0,126.808304,5.7394485,0.33324155
1402324544.875,1402324545.75,1.24317e-10,1402324545.3085327,32.0,1664.0,822.8973,3.7306414,1.2087735
1402324758.125,1402324758.875,1.24317e-10,1402324758.4375,128.0,384.0,234.84605,5.203263,1.3395748
1402324239.625,1402324240.375,1.24317e-10,1402324239.9430542,32.0,1088.0,613.6642,1.12901,1.2965378
1402352472.875,1402352473.25,1.24317e-10,1402352473.008278,16.0,192.0,79.50636,3.076143,2.8341978
1402353470.375,1402353470.875,1.24317e-10,1402353470.6591797,16.0,192.0,65.97759,1.6444275,0.8956648
1402353576.875,1402353577.375,1.24317e-10,1402353577.1759033,16.0,192.0,66.45903,2.7895176,0.7579643
1402450821.375,1402450821.75,1.24317e-10,1402450821.490738,32.0,192.0,70.76552,2.050762,0.46341488
1402451407.0,1402451407.375,1.24317e-10,1402451407.130249,16.0,192.0,69.63175,6.1321473,0.67621374
1402451911.5,1402451912.0,1.24317e-10,1402451911.7886963,32.0,192.0,70.15969,3.6570103,1.5291177
1402450921.5625,1402450921.75,1.24317e-10,1402450921.5937653,32.0,384.0,136.0764,5.8468533,0.70332605
1402451614.03125,1402451614.875,2.48634e-10,1402451614.4520264,1184.0,2032.0,1752.6965,2.6280632,0.67621374
1402451709.609375,1402451709.71875,1.24317e-10,1402451709.630005,896.0,2016.0,1630.9545,3.3870296,1.7594128
1402413711.125,1402413712.0,1.24317e-10,1402413711.4845047,32.0,1152.0,576.94165,2.3561945,0.23014726
1402413917.5,1402413918.0,1.24317e-10,1402413917.7206116,64.0,384.0,161.97064,1.4971652,0.99837774
1402414117.0,1402414117.375,1.24317e-10,1402414117.125183,16.0,192.0,77.64234,3.4606607,1.7382444
1402414225.5,1402414225.875,1.24317e-10,1402414225.6064453,32.0,704.0,314.95398,3.076143,0.30739504
1402414321.375,1402414322.25,1.24317e-10,1402414321.7373047,32.0,1248.0,322.4187,5.203263,2.1682029
1402414423.25,1402414423.5,1.24317e-10,1402414423.3474731,64.0,320.0,159.98177,5.595962,1.1179798
1402414518.25,1402414518.625,1.24317e-10,1402414518.3943481,128.0,384.0,233.5184,1.9880391,1.3609258
1402414716.25,1402414716.875,1.24317e-10,1402414716.5079346,16.0,384.0,101.48488,2.9206994,2.0943952
1402413815.375,1402413815.4375,1.86475e-09,1402413815.3818817,32.0,224.0,115.45686,5.0560007,1.1638212
1402326051.1875,1402326052.625,1.24317e-10,1402326051.8229942,896.0,1728.0,1341.6107,2.580594,0.5424523
1402326260.25,1402326260.625,1.24317e-10,1402326260.4073486,32.0,384.0,151.42758,6.165375,0.51601636
1402326359.0625,1402326359.5,1.24317e-10,1402326359.2301025,16.0,192.0,75.9289,3.0293927,2.5991404
1402326452.6875,1402326453.0,1.24317e-10,1402326452.8142395,32.0,896.0,229.90173,5.135296,2.808351
1402326687.375,1402326687.625,1.24317e-10,1402326687.433838,16.0,192.0,79.641655,4.025166,1.8020179
1402326893.5,1402326893.75,1.24317e-10,1402326893.5506592,64.0,384.0,231.59291,3.9024472,1.780667
1402327086.0,1402327086.375,1.24317e-10,1402327086.1761475,64.0,384.0,171.06305,4.6142144,1.7594128
1402327180.75,1402327181.0,1.24317e-10,1402327180.8135986,32.0,192.0,70.421814,3.4033923,2.9114454
1402326555.8125,1402326555.9375,1.24317e-10,1402326555.8313599,32.0,640.0,270.85477,0.19634955,0.30739504
1402417371.625,1402417372.25,1.24317e-10,1402417372.0513153,128.0,384.0,236.88373,4.025166,0.9733899
1402417666.0,1402417666.75,1.24317e-10,1402417666.1076355,32.0,1216.0,319.92236,5.6450496,1.1638212
1402417765.125,1402417765.75,6.21584e-10,1402417765.3118896,128.0,416.0,241.28468,3.006179,0.7579643
1402417963.375,1402417963.875,6.21584e-10,1402417963.4353027,16.0,384.0,80.05229,2.934909,2.6519203
1402418065.9375,1402418066.75,1.24317e-10,1402418066.274109,64.0,384.0,155.28346,1.8653207,0.8686821
1402418164.125,1402418164.875,1.24317e-10,1402418164.433838,32.0,192.0,70.80234,5.105088,1.633337
1402418271.375,1402418271.875,1.24317e-10,1402418271.536621,128.0,384.0,235.6445,2.230531,0.6492301
1402442863.25,1402442863.625,1.24317e-10,1402442863.3219604,16.0,384.0,109.39482,1.6935148,1.1863996
1402443069.625,1402443070.25,1.24317e-10,1402443069.9667969,16.0,192.0,75.30538,1.767146,1.9777715
1402443172.375,1402443172.75,1.24317e-10,1402443172.46344,16.0,192.0,68.12161,2.6417937,2.8599925
1402443369.75,1402443370.125,1.24317e-10,1402443369.8735962,128.0,640.0,238.76315,4.957826,2.1682029
1402443572.75,1402443573.125,1.24317e-10,1402443572.8843994,16.0,192.0,76.697914,1.202641,1.1863996
1402442475.78125,1402442475.875,1.24317e-10,1402442475.7957764,384.0,1216.0,810.5742,2.7488935,2.88574
1402442959.890625,1402442959.96875,2.48634e-09,1402442959.9118652,32.0,224.0,114.609215,5.8904867,0.35914433
1402472960.375,1402472960.75,1.24317e-10,1402472960.5587769,128.0,384.0,236.1632,2.3561945,0.07656526
1402473166.375,1402473167.0,1.24317e-10,1402473166.6135254,32.0,1920.0,871.06274,0.6135923,2.300524
1402473375.0,1402473375.375,6.21584e-10,1402473375.1582031,176.0,288.0,232.57065,4.9332824,2.300524
1402473484.3125,1402473484.625,1.24317e-10,1402473484.4298096,896.0,1664.0,1289.0605,2.1908476,2.6519203
1402473585.375,1402473586.875,1.24317e-10,1402473586.0582275,896.0,1728.0,1346.1259,3.5499997,0.6492301
1402503769.0,1402503769.625,1.24317e-10,1402503769.1341705,32.0,672.0,287.48047,1.1780972,2.88574
1402504111.0,1402504111.75,1.24317e-10,1402504111.2801514,320.0,640.0,426.80603,3.7060978,1.612475
1402504215.125,1402504215.375,1.24317e-10,1402504215.1593018,16.0,384.0,102.23511,5.105088,1.5499616
1402504310.75,1402504311.0,6.21584e-10,1402504310.812683,16.0,192.0,55.382114,5.595962,1.0229695
1402504004.25,1402504004.6875,1.24317e-10,1402504004.4182434,64.0,640.0,253.72502,0.638136,1.4244412
1402504607.3144531,1402504607.5585938,2.48634e-10,1402504607.491516,32.0,832.0,287.08627,4.638758,1.780667
1402270906.375,1402270907.125,1.24317e-10,1402270906.714447,128.0,384.0,235.33636,4.0497093,1.3181162
1402271014.5,1402271015.75,1.24317e-10,1402271015.0471954,1064.0,1920.0,1354.8202,1.1044662,1.6542263
1402271412.0,1402271412.25,1.24317e-10,1402271412.0812378,32.0,384.0,109.93476,5.796986,0.5424523
1402271518.25,1402271518.5,1.24317e-10,1402271518.3202515,32.0,384.0,131.95877,0.46633017,2.000572
1402271827.234375,1402271828.25,1.24317e-10,1402271827.505005,128.0,1216.0,618.9314,0.32129923,2.572607
1402359634.5,1402359635.375,6.21584e-10,1402359634.9283943,1088.0,1920.0,1361.5884,4.6142144,1.8020179
1402359841.0625,1402359841.75,6.21584e-10,1402359841.2435608,32.0,640.0,179.98431,1.7180586,2.1682029
1402359973.5,1402359974.625,1.24317e-10,1402359973.9795532,896.0,1728.0,1350.9092,1.9389517,2.300524
1402360174.875,1402360175.5,1.24317e-10,1402360175.1255493,32.0,896.0,240.09544,2.7161686,2.5192242
1402360282.375,1402360282.625,1.24317e-10,1402360282.4447021,320.0,1408.0,814.44135,1.6732396,2.5459704
1402360491.25,1402360492.125,1.24317e-10,1402360491.633606,48.0,1664.0,847.92395,0.9817477,1.38218
1402360706.0,1402360706.625,2.48634e-10,1402360706.2658691,16.0,384.0,132.84546,2.797981,2.730455
1402306816.6875,1402306817.0,1.24317e-10,1402306816.7890472,16.0,384.0,106.88372,3.2257426,0.7305738
1402306919.125,1402306919.625,1.24317e-10,1402306919.3597565,16.0,384.0,111.466484,4.6878457,2.143215
1402307322.0,1402307322.5,1.24317e-10,1402307322.2805786,32.0,192.0,71.08084,2.7488935,2.6781778
1402307421.3125,1402307421.875,1.24317e-10,1402307421.6036377,16.0,192.0,68.23612,5.2278066,1.3181162
1402307513.5,1402307514.25,1.24317e-10,1402307513.774231,32.0,416.0,162.09277,1.6689711,1.8020179
1402307613.875,1402307614.375,1.24317e-10,1402307614.1402588,128.0,384.0,236.0107,3.2129927,2.8599925
1402307717.375,1402307717.875,2.2377e-09,1402307717.5258179,16.0,384.0,89.448784,4.074253,1.8020179
1402216833.875,1402216834.25,1.24317e-10,1402216834.0039787,32.0,192.0,79.55064,0.14726216,1.38218
1402217035.75,1402217036.25,1.24317e-10,1402217035.9971313,32.0,576.0,165.72366,4.9087386,1.88862
1402217327.5,1402217327.875,1.24317e-10,1402217327.5976562,16.0,192.0,72.51187,3.6324666,0.20448022
1402217434.125,1402217435.125,1.24317e-10,1402217434.507141,32.0,1152.0,598.70905,1.6362462,0.30739504
1402217535.625,1402217536.375,1.24317e-10,1402217535.8995972,32.0,1408.0,338.24582,4.884195,2.300524
1402217629.0,1402217629.625,1.24317e-10,1402217629.164795,64.0,384.0,234.0049,1.9880391,1.8667651
1402217724.0,1402217724.5,1.24317e-10,1402217724.151062,32.0,896.0,104.46703,2.078995,0.43723843
1402209732.25,1402209733.125,1.24317e-10,1402209732.637024,32.0,1472.0,341.56305,4.1724277,1.7171515
1402209834.5625,1402209835.0,1.24317e-10,1402209834.7062988,16.0,448.0,149.23935,0.7853982,2.808351
1402210023.75,1402210024.0,1.24317e-10,1402210023.817688,32.0,192.0,70.448494,4.074253,1.2087735
1402210122.5625,1402210123.375,1.24317e-10,1402210122.8727417,64.0,640.0,426.5846,6.2586417,2.245928
1402210222.59375,1402210222.875,2.9836e-09,1402210222.6488037,16.0,384.0,81.7578,1.993703,2.808351
1402210332.34375,1402210332.625,1.11885e-09,1402210332.4160156,16.0,384.0,133.42955,5.647387,2.5991404
1402210431.375,1402210432.0,1.24317e-10,1402210431.6547852,32.0,1216.0,302.47223,1.0308352,1.2529727
1402210728.640625,1402210728.75,1.24317e-10,1402210728.6796875,896.0,2032.0,1540.4333,1.2271847,1.633337
1402468839.0,1402468839.375,2.48634e-10,1402468839.1527557,16.0,384.0,133.07993,2.3561945,2.023613
1402469151.375,1402469151.75,1.24317e-10,1402469151.5421143,160.0,320.0,235.57745,0.3436117,1.9328191
1402469541.125,1402469541.5,6.21584e-10,1402469541.2694092,16.0,640.0,114.00212,1.0799224,1.4244412
1402469765.375,1402469766.0,1.24317e-10,1402469765.5585938,128.0,384.0,236.13786,4.9480085,2.3560877
1402469874.75,1402469875.5,1.24317e-10,1402469875.0826416,320.0,896.0,423.14532,4.344234,1.780667
1402469976.875,1402469977.5,1.24317e-10,1402469977.1855469,32.0,224.0,72.11048,0.5154176,1.6542263
1402469638.171875,1402469638.203125,1.11885e-09,1402469638.177002,32.0,448.0,206.22337,3.1939528,2.7564845
1402255276.125,1402255276.75,6.21584e-10,1402255276.3842316,320.0,496.0,423.50314,1.6444275,0.99837774
1402255385.0625,1402255385.5,1.24317e-10,1402255385.2166748,16.0,384.0,106.22452,1.6689711,1.0229695
1402255824.25,1402255824.625,1.24317e-10,1402255824.3510132,16.0,384.0,102.842545,2.797981,2.730455
1402256119.375,1402256120.0,1.24317e-10,1402256119.6827393,32.0,384.0,172.97426,2.8470683,2.219516
1402256221.0625,1402256221.75,1.24317e-10,1402256221.3258057,160.0,640.0,417.2556,5.3996124,1.38218
1402255723.2734375,1402255723.328125,1.24317e-10,1402255723.2892456,896.0,2016.0,1558.8865,3.7306414,1.38218
1402256024.3164062,1402256024.34375,6.21584e-10,1402256024.3272095,1152.0,1920.0,1530.7201,4.221515,1.7171515
1402255489.75,1402255491.0,1.24317e-10,1402255490.2863464,896.0,1728.0,1345.2976,1.4480779,1.1410209
1402278082.25,1402278083.0,1.24317e-10,1402278082.417015,32.0,672.0,301.803,0.4768489,2.4110188
1402278485.9375,1402278486.625,1.24317e-10,1402278486.2400818,1088.0,1664.0,1342.4133,5.203263,2.2729106
1402278795.75,1402278796.125,1.24317e-10,1402278795.8774414,64.0,384.0,161.55765,2.0862138,1.3181162
1402278180.09375,1402278180.875,2.48634e-10,1402278180.4399872,1152.0,2032.0,1800.0319,6.063274,0.6492301
1402279001.5625,1402279001.5800781,1.24317e-10,1402279001.5670166,384.0,1152.0,765.60614,0.36815542,1.9551933
1402278688.5429688,1402278688.5585938,2.61065e-09,1402278688.5456543,1152.0,1984.0,1633.103,0.29790968,2.3836286
1402467616.125,1402467617.25,1.24317e-10,1402467616.690136,1088.0,1920.0,1353.9868,1.5462526,0.99837774
1402467711.375,1402467712.125,1.24317e-10,1402467711.7005768,32.0,1472.0,361.11102,5.301438,1.0229695
1402468643.375,1402468644.125,1.24317e-10,1402468643.6604004,16.0,192.0,67.81702,1.7016962,0.46341488
1402468743.75,1402468744.5,1.24317e-10,1402468744.0804443,24.0,1600.0,822.9718,0.41724277,1.8234766
1402468534.6875,1402468534.875,2.48634e-10,1402468534.7387695,16.0,192.0,73.70826,2.47255,0.70332605
1402467811.15625,1402467811.3125,6.21584e-10,1402467811.243515,16.0,192.0,79.63554,1.749296,0.56898564
1402468338.71875,1402468338.8125,1.24317e-10,1402468338.7368774,1088.0,1472.0,1294.1,0.90811664,1.4454684
1402468026.25,1402468027.25,1.24317e-10,1402468026.6421509,32.0,1824.0,605.6421,2.1598449,2.6255763
1402452123.0,1402452123.375,1.24317e-10,1402452123.078888,32.0,192.0,81.98231,5.276894,1.5291177
1402452335.9375,1402452336.25,1.24317e-10,1402452336.0593262,16.0,192.0,78.195595,0.36815542,1.4033483
1402452435.75,1402452436.125,1.24317e-10,1402452435.9120178,16.0,192.0,77.90866,5.926186,0.28160024
1402452543.0,1402452543.75,1.24317e-10,1402452543.3674316,320.0,640.0,424.2821,0.45311433,2.4653792
1402453031.25,1402453031.875,1.24317e-10,1402453031.4858398,32.0,1408.0,335.38297,4.974189,2.5991404
1402452841.25,1402452841.4375,1.24317e-10,1402452841.2998047,64.0,448.0,241.69376,0.24543692,1.5082557
1402452230.84375,1402452230.90625,1.24317e-10,1402452230.8528442,832.0,2032.0,1559.0264,0.5399612,2.023613
1402320028.5,1402320029.625,1.24317e-10,1402320028.923317,32.0,1664.0,818.38104,1.7426022,1.3181162
1402320339.625,1402320340.0,6.21584e-10,1402320339.7911377,32.0,320.0,152.24261,5.995206,2.3560877
1402320445.25,1402320446.0,1.24317e-10,1402320445.617035,32.0,192.0,70.64149,4.1969714,1.7382444
1402320551.0625,1402320551.5,1.24317e-10,1402320551.1519165,16.0,384.0,78.64521,3.7243075,0.8132037
1402320660.75,1402320661.625,1.24317e-10,1402320661.062683,32.0,1152.0,623.11444,6.008296,2.6255763
1402320857.75,1402320858.875,1.24317e-10,1402320858.2253418,32.0,1376.0,597.6956,4.8351073,0.8410687
1402321052.5625,1402321053.125,1.24317e-10,1402321052.6831055,64.0,448.0,234.74115,6.241849,2.6519203
1402320136.5625,1402320137.0898438,1.24317e-10,1402320136.6947327,352.0,1856.0,815.868,3.1041927,2.5991404
1402320758.8125,1402320759.0,1.24317e-10,1402320758.8683472,16.0,192.0,80.16205,3.6324666,1.1179798
1402321159.71875,1402321159.8125,6.21584e-10,1402321159.7403564,1056.0,1472.0,1276.7599,1.914408,1.38218
1402320953.703125,1402320953.75,6.21584e-10,1402320953.7211914,1152.0,2032.0,1641.1597,0.4417865,1.38218
1402222477.875,1402222479.125,1.24317e-10,1402222478.4794922,896.0,1728.0,1343.2186,5.2523503,2.1186233
1402222573.875,1402222574.25,8.7021806e-10,1402222574.055603,16.0,96.0,24.993267,3.577925,0.23014726
1402222684.625,1402222685.0,1.24317e-10,1402222684.755249,16.0,192.0,73.90398,0.73631084,1.9777715
1402222777.65625,1402222777.8125,2.3620201e-09,1402222777.6818848,32.0,192.0,110.580376,2.2089324,0.92207664
1402222247.8125,1402222247.90625,1.24317e-10,1402222247.835144,64.0,640.0,221.37827,2.1205752,0.25585246
1402222383.1875,1402222383.25,1.24317e-10,1402222383.2077026,320.0,1408.0,802.9057,2.2334762,0.8956648
1402221825.296875,1402221826.125,1.24317e-10,1402221825.717804,672.0,2044.0,1749.2284,6.114886,0.35914433
1402222148.3515625,1402222148.75,1.24317e-10,1402222148.487976,288.0,896.0,708.40753,1.0062915,1.2748276
1402316409.625,1402316410.375,1.24317e-10,1402316410.0947247,32.0,896.0,330.43994,5.751142,0.8132037
1402316609.25,1402316610.0,1.24317e-10,1402316609.5699158,32.0,1408.0,328.30573,3.4852045,1.7171515
1402316811.625,1402316812.6875,1.24317e-10,1402316812.1889954,64.0,1664.0,874.912,4.3196898,1.7171515
1402317009.625,1402317010.125,1.24317e-10,1402317009.9363403,16.0,384.0,103.17472,0.046199895,2.7043543
1402317309.25,1402317309.875,1.24317e-10,1402317309.5650635,320.0,1408.0,843.9498,5.0924206,2.328389
1402317407.75,1402317408.75,1.24317e-10,1402317408.3902588,16.0,640.0,245.11774,2.7331858,2.4923625
1402316512.9375,1402316513.125,1.24317e-10,1402316513.0005035,896.0,1664.0,1262.0375,5.0069137,2.9371123
1402317117.5625,1402317117.75,1.24317e-10,1402317117.6480713,64.0,448.0,197.24518,4.565127,2.023613
1402441330.125,1402441330.5,1.24317e-10,1402441330.2028503,32.0,192.0,71.45759,1.7426022,0.8956648
1402441430.875,1402441431.25,6.21584e-10,1402441431.0003052,144.0,320.0,234.82979,3.4361172,1.2529727
1402441630.5,1402441630.875,1.24317e-10,1402441630.6585083,32.0,672.0,261.95218,4.884195,1.780667
1402441861.875,1402441862.5,1.24317e-10,1402441862.0426636,16.0,192.0,77.97502,4.51604,1.1638212
1402441957.5,1402441957.875,1.24317e-10,1402441957.6547241,128.0,384.0,232.91068,6.011317,2.4653792
1402442055.875,1402442057.0,1.24317e-10,1402442056.434204,896.0,2044.0,1692.6586,2.5307274,2.9114454
1402442369.375,1402442369.875,1.24317e-10,1402442369.6726074,32.0,192.0,76.466034,3.517218,0.59562236
1402441526.8125,1402441527.0625,1.24317e-10,1402441526.9403992,320.0,1344.0,793.51447,5.778287,2.7824485
1402442160.5625,1402442160.75,1.24317e-10,1402442160.6264038,32.0,384.0,139.07034,3.534292,2.88574
1402302027.625,1402302028.25,1.24317e-10,1402302027.9270782,16.0,384.0,80.50533,0.060415246,0.33324155
1402302128.0,1402302128.5,1.24317e-10,1402302128.324463,64.0,448.0,236.75441,1.7180586,1.3395748
1402302233.375,1402302234.25,1.24317e-10,1402302233.7987366,16.0,640.0,210.56056,2.3561945,2.2729106
1402302363.875,1402302364.625,2.48634e-10,1402302364.174652,32.0,104.0,71.147224,1.8098308,0.59562236
1402302454.5,1402302454.875,1.24317e-10,1402302454.655548,16.0,384.0,103.77943,2.5244942,0.35914433
1402302556.125,1402302556.375,1.24317e-10,1402302556.163147,16.0,384.0,108.6019,2.72435,2.193623
1402302654.625,1402302655.125,1.24317e-10,1402302654.7507935,128.0,384.0,235.35773,5.9777527,0.46341488
1402302867.125,1402302867.5,1.24317e-10,1402302867.2629395,32.0,192.0,70.708954,6.1604667,0.99837774
1402302958.1875,1402302958.75,1.24317e-10,1402302958.3703613,16.0,320.0,76.49049,2.478913,2.000572
1402302759.59375,1402302759.6875,2.48634e-10,1402302759.6121216,32.0,384.0,159.61783,1.1535536,1.2748276
1402372875.625,1402372876.25,1.24317e-10,1402372875.8894653,16.0,640.0,237.17802,0.41724277,2.0469153
1402373006.0,1402373006.5,1.24317e-10,1402373006.0759888,64.0,384.0,236.12141,3.534292,1.633337
1402373107.75,1402373108.75,1.24317e-10,1402373108.3425903,16.0,192.0,65.50186,2.9545932,2.5991404
1402373213.875,1402373214.125,6.21584e-10,1402373213.9648438,16.0,416.0,105.26144,1.2137972,2.8599925
1402373317.5,1402373317.875,1.24317e-10,1402373317.6292725,16.0,384.0,108.027,4.3196898,1.88862
1402373515.25,1402373516.375,1.24317e-10,1402373515.7998047,320.0,640.0,425.65915,1.4971652,1.9106333
1402373613.25,1402373614.125,1.24317e-10,1402373613.6134644,16.0,1728.0,819.4675,0.3926991,1.4664403
1402373816.875,1402373817.375,1.24317e-10,1402373817.1044922,16.0,192.0,76.49635,6.2308254,0.38510814
1402247021.59375,1402247022.0,1.24317e-10,1402247021.7069855,128.0,384.0,233.12907,1.3989905,1.1410209
1402247829.375,1402247829.75,1.24317e-10,1402247829.4765625,64.0,448.0,238.82343,5.1541753,1.88862
1402247922.375,1402247923.0,1.24317e-10,1402247922.5473633,32.0,1408.0,323.6538,1.3499031,1.9106333
1402247419.0,1402247419.625,1.24317e-10,1402247419.348938,32.0,960.0,686.01025,5.105088,1.5916312
1402428776.0,1402428776.625,1.24317e-10,1402428776.2619781,16.0,384.0,79.722946,3.3133986,1.6961243
1402428887.375,1402428887.625,1.24317e-10,1402428887.4424438,64.0,448.0,242.60995,0.22089325,1.4454684
1402429082.625,1402429083.25,1.24317e-10,1402429082.7925415,32.0,192.0,71.02631,1.5953401,1.6542263
1402428570.9375,1402428571.125,1.24317e-10,1402428571.0062351,384.0,1152.0,786.80334,5.105088,2.9883497
1402428981.015625,1402428981.09375,1.24317e-10,1402428981.0419312,896.0,1664.0,1297.1807,2.670354,2.4923625
1402349163.0,1402349163.625,1.24317e-10,1402349163.3154602,64.0,448.0,233.34854,4.51604,1.2087735
1402349269.5,1402349270.25,1.24317e-10,1402349269.8623962,32.0,704.0,275.86108,0.24543692,1.9328191
1402349569.75,1402349570.375,1.24317e-10,1402349569.9956055,32.0,832.0,293.19983,1.9464215,0.59562236
1402349959.25,1402349960.125,1.24317e-10,1402349959.6921387,32.0,1152.0,574.1309,2.3561945,0.38510814
1402349368.484375,1402349369.375,7.45901e-10,1402349368.909729,1040.0,2040.0,1741.8278,2.9273932,2.8599925
1402239858.5625,1402239859.25,1.24317e-10,1402239858.7510986,16.0,192.0,66.68927,1.840777,1.6961243
1402240160.875,1402240161.25,1.24317e-10,1402240160.8987427,32.0,192.0,76.77164,0.6135923,1.5291177
1402240535.46875,1402240536.125,1.24317e-10,1402240535.7004395,64.0,1152.0,629.8543,4.6142144,2.023613
1402240444.03125,1402240444.1875,1.24317e-10,1402240444.0740967,16.0,192.0,86.42726,1.8456857,0.51601636
1402239756.0,1402239756.03125,1.24317e-10,1402239756.0145264,896.0,1664.0,1278.8313,2.9206994,2.193623
1402376485.625,1402376486.25,1.24317e-10,1402376485.8126068,16.0,640.0,218.20363,2.572856,2.3836286
1402376817.375,1402376818.0,1.24317e-10,1402376817.5379028,128.0,640.0,427.45267,4.565127,1.6751524
1402377093.0,1402377093.25,1.24317e-10,1402377093.0895386,32.0,192.0,70.121475,2.4543693,2.023613
1402377197.125,1402377197.5,1.24317e-10,1402377197.281311,64.0,384.0,160.63399,3.85336,1.2309594
1402377520.5,1402377520.75,1.24317e-10,1402377520.5395508,32.0,192.0,78.12825,4.884195,2.300524
1402376724.96875,1402376725.125,2.3620201e-09,1402376724.9998474,32.0,192.0,103.326775,3.9924407,0.30739504
1402376907.890625,1402376907.90625,2.48634e-10,1402376907.8944092,1088.0,2016.0,1555.7987,0.54977876,0.25585246
1402485671.5,1402485672.0,1.24317e-10,1402485671.5812302,128.0,384.0,237.4132,6.2308254,2.7564845
1402485773.5,1402485774.25,1.24317e-10,1402485773.7620697,48.0,1600.0,890.3556,2.552544,2.8341978
1402485975.5,1402485975.875,1.24317e-10,1402485975.6261292,32.0,736.0,258.24136,1.8162333,1.5499616
1402486501.25,1402486501.875,1.24317e-10,1402486501.5651855,64.0,448.0,229.26485,1.1535536,2.245928
1402486704.125,1402486704.875,1.24317e-10,1402486704.4326172,64.0,448.0,164.542,3.4852045,1.2087735
1402486391.375,1402486391.5625,1.24317e-10,1402486391.4780273,64.0,640.0,259.9471,3.0188744,2.0943952
1402479663.75,1402479664.5,1.24317e-10,1402479664.0521317,32.0,1472.0,344.10443,5.926186,0.28160024
1402479867.125,1402479867.875,1.24317e-10,1402479867.388977,1152.0,1664.0,1371.3777,4.783789,2.8599925
1402479962.8125,1402479963.25,1.24317e-10,1402479962.9690857,896.0,1664.0,1288.6329,2.2514749,2.7564845
1402480267.375,1402480268.125,1.24317e-10,1402480267.6936035,32.0,384.0,148.87209,4.246059,1.6961243
1402480475.0625,1402480475.375,1.24317e-10,1402480475.2092285,128.0,576.0,235.69643,3.288855,1.8020179
1402479761.0,1402479761.125,1.24317e-10,1402479761.0456696,1088.0,1472.0,1290.3059,6.1113796,0.8410687
1402480370.8125,1402480371.75,1.24317e-10,1402480371.2114258,1056.0,2032.0,1680.8354,0.17180584,2.0469153
1402480165.40625,1402480165.46875,1.24317e-10,1402480165.4196777,64.0,384.0,239.59856,1.0799224,1.38218
1402370537.25,1402370538.0,1.24317e-10,1402370537.6546936,352.0,496.0,424.633,1.3253595,2.0705013
1402370736.0,1402370736.75,1.24317e-10,1402370736.243744,16.0,384.0,157.07161,1.3253595,2.0705013
1402370829.75,1402370830.375,1.24317e-10,1402370830.0374756,16.0,896.0,248.07478,1.4726217,1.4244412
1402370932.125,1402370932.5,1.24317e-10,1402370932.1880493,16.0,192.0,83.227646,5.778287,2.7824485
1402371337.9375,1402371338.5,1.24317e-10,1402371338.1047363,32.0,384.0,157.413,2.8961558,2.023613
1402315685.5,1402315686.25,1.24317e-10,1402315685.7450562,16.0,384.0,99.811584,4.8596516,1.5499616
1402315895.75,1402315896.625,1.24317e-10,1402315896.0858765,16.0,192.0,61.156357,1.4235342,1.633337
1402316108.25,1402316109.125,1.24317e-10,1402316108.5592651,32.0,96.0,69.896416,1.8653207,1.2087735
1402316202.5625,1402316202.75,1.24317e-10,1402316202.6202393,128.0,384.0,235.65643,2.405282,2.0705013
1402316302.0625,1402316302.25,1.24317e-10,1402316302.125122,128.0,384.0,229.80623,3.0188744,1.9551933
1402315387.4335938,1402315387.59375,1.24317e-10,1402315387.5230408,64.0,640.0,236.52536,1.4235342,1.1638212
1402206253.125,1402206253.75,1.24317e-10,1402206253.341156,48.0,88.0,69.87214,5.7268615,0.6223685
1402206346.125,1402206347.0,1.24317e-10,1402206346.4721375,32.0,96.0,69.55468,5.031457,2.245928
1402206449.5,1402206449.75,6.21584e-10,1402206449.5665894,32.0,704.0,273.8421,2.2825634,1.0471976
1402206652.875,1402206653.5,1.24317e-10,1402206653.0426025,16.0,384.0,82.86495,4.565127,2.023613
1402207045.625,1402207045.875,1.24317e-10,1402207045.6986084,32.0,640.0,280.88647,1.4726217,1.4244412
1402206036.859375,1402206036.90625,1.24317e-10,1402206036.873928,1056.0,1664.0,1294.9004,4.7614765,1.5499616
1402206546.484375,1402206546.515625,1.11885e-09,1402206546.4907837,832.0,1984.0,1553.9884,2.3561945,2.1682029
1402365638.5,1402365638.875,1.24317e-10,1402365638.6390572,128.0,384.0,236.21965,3.3870296,1.6751524
1402365854.5,1402365855.25,6.21584e-10,1402365854.7412415,48.0,80.0,69.53351,4.9332824,2.0943952
1402366139.1875,1402366139.625,1.24317e-10,1402366139.4364014,64.0,448.0,235.75838,0.41724277,1.6961243
1402366458.3125,1402366459.5,1.24317e-10,1402366458.8674316,24.0,192.0,70.6345,0.883573,1.2965378
1402366566.375,1402366566.75,1.24317e-10,1402366566.5426025,192.0,320.0,235.38115,1.4529866,2.6255763
1402366771.375,1402366772.25,1.24317e-10,1402366771.6947021,128.0,576.0,236.08038,4.6633015,2.0705013
1402366245.25,1402366245.4375,1.24317e-10,1402366245.2992554,32.0,640.0,257.85477,3.4606607,1.6961243
1402365744.5625,1402365745.0,1.24317e-10,1402365744.733307,352.0,1232.0,860.66113,4.9332824,1.780667
1402256555.75,1402256556.375,1.24317e-10,1402256555.97612,128.0,640.0,424.4876,1.4235342,1.38218
1402256752.0,1402256753.0,1.24317e-10,1402256752.3437805,16.0,896.0,248.42696,2.7734373,2.0469153
1402256955.125,1402256955.875,1.24317e-10,1402256955.4369507,48.0,88.0,69.82881,3.023783,2.6255763
1402257047.0,1402257047.375,1.24317e-10,1402257047.1881714,32.0,384.0,105.71275,5.2523503,2.730455
1402257343.375,1402257344.5,1.24317e-10,1402257343.8449097,32.0,1408.0,343.86673,5.407164,2.4653792
1402257444.125,1402257445.0,1.24317e-10,1402257444.468628,16.0,384.0,77.26081,4.5896707,1.2748276
1402256419.84375,1402256419.9375,1.36748e-09,1402256419.879963,32.0,640.0,202.33475,0.049087387,1.3395748
1402500135.375,1402500136.125,1.24317e-10,1402500135.6058655,16.0,1728.0,826.62103,2.9545932,2.5991404
1402500322.8125,1402500323.125,1.24317e-10,1402500322.920166,64.0,896.0,260.74356,0.07139983,0.28160024
1402500422.25,1402500422.5,1.24317e-10,1402500422.3432007,64.0,384.0,239.50009,1.5462526,0.99837774
1402500623.75,1402500624.375,1.24317e-10,1402500623.9203491,32.0,192.0,70.73063,2.012583,1.8020179
1402500935.625,1402500936.25,1.24317e-10,1402500935.8998413,16.0,864.0,151.9906,4.344234,1.4454684
1402500003.9375,1402500004.03125,1.24317e-10,1402500003.984046,32.0,640.0,281.09314,0.03926991,2.6255763
1402304485.125,1402304485.75,1.24317e-10,1402304485.3732986,16.0,384.0,70.39621,2.9452434,2.2729106
1402304784.25,1402304784.875,1.24317e-10,1402304784.6240234,16.0,896.0,251.1846,1.4235342,2.023613
1402304983.375,1402304983.75,1.24317e-10,1402304983.4724731,32.0,192.0,79.38451,0.2699806,1.4033483
1402305294.875,1402305295.5,1.24317e-10,1402305295.0384521,16.0,384.0,138.57321,1.12901,1.4664403
1402305396.75,1402305397.25,1.24317e-10,1402305396.929016,32.0,192.0,79.44849,3.034493,0.56898564
1402318823.625,1402318824.125,1.24317e-10,1402318823.8591995,16.0,192.0,74.12067,5.2523503,1.4244412
1402319534.09375,1402319535.375,1.24317e-10,1402319534.6298828,640.0,1728.0,1344.0499,4.884195,1.5707964
1402319631.6875,1402319632.5,1.24317e-10,1402319632.0062256,32.0,1152.0,584.44977,0.5890486,2.0705013
1402319919.625,1402319920.0,2.48634e-10,1402319919.7963867,32.0,1376.0,347.3597,2.3561945,2.1682029
1402319018.6875,1402319018.75,1.24317e-10,1402319018.699585,320.0,1216.0,804.543,5.6941366,1.0710913
1402319823.4375,1402319823.46875,6.21584e-10,1402319823.4416504,1088.0,1472.0,1284.9362,3.2129927,2.8599925
1402282200.625,1402282201.125,1.24317e-10,1402282200.7851562,128.0,384.0,232.86513,3.752458,2.9114454
1402282503.5,1402282503.875,1.24317e-10,1402282503.678833,32.0,384.0,106.92486,5.497787,0.6492301
1402281790.296875,1402281790.34375,1.24317e-10,1402281790.311142,640.0,2016.0,1498.5374,2.8797934,2.9114454
1402405257.8125,1402405258.125,1.24317e-10,1402405257.9095764,64.0,384.0,162.57051,2.9452434,2.1186233
1402405358.0,1402405358.75,1.24317e-10,1402405358.1877747,32.0,960.0,320.06406,1.6493362,0.25585246
1402405879.875,1402405880.75,2.11339e-09,1402405880.1281128,16.0,96.0,68.73816,4.9823694,1.4873664
1402406070.625,1402406071.0,1.24317e-10,1402406070.734558,64.0,448.0,234.61987,1.521709,1.3395748
1402406263.0,1402406263.375,1.6161199e-09,1402406263.0828857,32.0,96.0,69.82324,1.0799224,1.2529727
1402406168.8125,1402406169.21875,1.24317e-10,1402406168.9648438,320.0,1344.0,836.1007,0.638136,2.1186233
1402449728.5625,1402449729.0,6.21584e-10,1402449728.72464,32.0,192.0,81.10785,3.3379421,1.7594128
1402450021.125,1402450021.875,1.24317e-10,1402450021.4180603,32.0,384.0,160.84052,4.884195,1.612475
1402450127.125,1402450127.875,1.24317e-10,1402450127.4263306,32.0,704.0,306.45282,0.93266034,1.2965378
1402450226.25,1402450227.625,1.24317e-10,1402450226.7375488,32.0,1728.0,842.89325,4.0478215,0.33324155
1402450332.25,1402450333.25,1.24317e-10,1402450332.6522217,32.0,96.0,69.90972,5.301438,1.2965378
1402450531.875,1402450532.625,1.24317e-10,1402450532.3046875,16.0,896.0,245.9602,0.8099419,1.612475
1402449620.25,1402449620.4375,1.24317e-10,1402449620.312849,320.0,1216.0,808.9834,0.73631084,2.023613
1402449923.1875,1402449923.375,1.24317e-10,1402449923.2269897,64.0,448.0,230.8507,1.7180586,0.4111379
1402290019.125,1402290020.0,1.24317e-10,1402290019.4881115,16.0,192.0,66.84605,3.8779035,1.5082557
1402290418.375,1402290419.25,1.24317e-10,1402290418.7675476,32.0,1184.0,596.602,4.4669523,1.2087735
1402290613.0625,1402290614.0,1.24317e-10,1402290613.381836,32.0,1600.0,824.92377,2.4927855,2.5459704
1402290805.625,1402290806.375,1.24317e-10,1402290805.9962158,16.0,384.0,148.52756,4.6878457,1.7382444
1402290906.125,1402290906.5,1.24317e-10,1402290906.3043823,32.0,896.0,217.84702,1.914408,1.2529727
1402290998.125,1402290999.125,1.24317e-10,1402290998.4035645,32.0,104.0,69.891815,5.860279,0.33324155
1402208515.875,1402208516.25,1.24317e-10,1402208516.0347824,128.0,384.0,233.91614,4.8363996,2.6519203
1402209022.625,1402209023.75,1.24317e-10,1402209023.1549683,896.0,1664.0,1338.6647,5.198588,2.5991404
1402209121.75,1402209122.5,1.24317e-10,1402209122.0532837,128.0,640.0,424.80212,1.7998708,2.5192242
1402209226.75,1402209227.25,1.24317e-10,1402209227.031067,16.0,384.0,79.640915,5.9811096,2.808351
1402208723.0,1402208723.1875,1.24317e-10,1402208723.0584412,384.0,1216.0,798.4653,1.1535536,1.4033483
1402208815.1875,1402208815.4375,2.48634e-10,1402208815.2268677,16.0,384.0,136.39111,6.086836,1.1179798
1402209321.8125,1402209321.9375,2.3620201e-09,1402209321.8323975,16.0,192.0,69.757065,5.599129,2.328389
1402208918.1523438,1402208918.234375,6.21584e-10,1402208918.2072144,64.0,640.0,279.1901,5.497787,2.4923625
1402348348.75,1402348349.25,1.24317e-10,1402348348.9638672,16.0,384.0,79.66365,5.1186295,0.7579643
1402348453.875,1402348454.25,1.24317e-10,1402348453.971344,16.0,192.0,75.582634,4.0497093,1.8234766
1402348671.1875,1402348671.375,7.45901e-10,1402348671.2666016,16.0,448.0,68.22172,5.424156,1.0471976
1402348249.5,1402348250.625,1.24317e-10,1402348249.8607635,64.0,640.0,425.3323,6.039441,0.7579643
1402276017.75,1402276018.125,1.24317e-10,1402276017.834137,128.0,384.0,231.88554,5.105088,2.9883497
1402276119.25,1402276120.5,1.24317e-10,1402276119.913391,896.0,2044.0,1668.0922,2.664744,2.4110188
1402276326.75,1402276327.25,1.24317e-10,1402276326.970459,32.0,192.0,73.613144,5.2883477,0.38510814
1402276639.125,1402276639.75,1.24317e-10,1402276639.2764893,32.0,704.0,232.66562,5.9311104,0.7579643
1402276219.625,1402276219.6875,6.21584e-10,1402276219.6364136,896.0,2040.0,1606.1998,5.3750687,1.2309594
1402212112.1875,1402212113.375,1.24317e-10,1402212112.711769,960.0,1664.0,1341.0765,2.8143435,2.8341978
1402212315.625,1402212316.0,1.24317e-10,1402212315.7867126,64.0,448.0,234.10338,2.25802,1.7594128
1402212518.75,1402212519.25,1.24317e-10,1402212518.9606323,32.0,704.0,248.3735,0.3436117,1.4664403
1402212627.0,1402212627.625,1.24317e-10,1402212627.3170166,16.0,384.0,81.73658,0.6135923,1.4873664
1402212826.4375,1402212826.875,1.24317e-10,1402212826.576538,16.0,384.0,80.9576,3.0188744,2.245928
1402213041.75,1402213042.5,1.24317e-10,1402213041.864502,32.0,720.0,338.88034,4.1233406,1.845055
1402213150.6875,1402213151.0,1.24317e-10,1402213150.8250732,32.0,384.0,142.69135,4.957826,2.730455
1402212212.375,1402212212.5,1.24317e-10,1402212212.4178925,32.0,384.0,114.29465,3.3098924,0.35914433
1402212731.125,1402212731.3125,1.24317e-10,1402212731.184204,32.0,192.0,85.79284,3.095393,0.43723843
1402459269.875,1402459270.25,1.24317e-10,1402459269.98349,128.0,384.0,235.19157,2.4347343,2.88574
1402459573.125,1402459573.75,1.24317e-10,1402459573.4260864,32.0,896.0,246.99193,4.712389,1.38218
1402459769.125,1402459769.375,1.24317e-10,1402459769.201294,128.0,384.0,236.49756,1.6493362,0.25585246
1402460151.875,1402460152.75,1.24317e-10,1402460152.22052,128.0,640.0,422.086,0.957204,1.7382444
1402459467.625,1402459468.875,1.24317e-10,1402459468.080597,1088.0,1696.0,1350.6339,4.2951465,1.7382444
1402270117.0,1402270117.375,1.24317e-10,1402270117.1469088,128.0,384.0,231.6314,3.607923,1.780667
1402270209.25,1402270210.25,1.24317e-10,1402270209.722084,32.0,192.0,70.41847,4.540583,0.8410687
1402270401.0,1402270402.0,1.24317e-10,1402270401.4154053,896.0,1728.0,1342.22,1.7180586,1.1179798
1402270502.0,1402270502.625,1.24317e-10,1402270502.351715,32.0,800.0,278.6092,3.288855,1.7594128
1402270593.875,1402270594.25,1.24317e-10,1402270594.0577393,16.0,192.0,66.6681,2.014717,0.59562236
1402249255.375,1402249255.625,1.24317e-10,1402249255.4682465,128.0,384.0,240.40984,6.030736,2.4110188
1402249552.125,1402249552.625,1.24317e-10,1402249552.342743,32.0,384.0,152.37471,5.2278066,1.9551933
1402249657.25,1402249658.0,1.24317e-10,1402249657.511322,32.0,1504.0,881.5473,2.969787,2.0943952
1402249872.625,1402249873.125,1.24317e-10,1402249872.7103882,24.0,192.0,70.63275,1.0062915,1.5291177
1402249979.125,1402249979.875,1.24317e-10,1402249979.4398804,16.0,1440.0,271.0502,0.957204,1.9551933
1402250314.25,1402250314.5,1.24317e-10,1402250314.3172607,16.0,192.0,65.90056,1.749296,0.56898564
1402249765.953125,1402249766.0,1.24317e-10,1402249765.9734497,384.0,1408.0,797.30493,3.7243075,0.8132037
1402249364.3867188,1402249364.40625,6.21584e-10,1402249364.3926392,576.0,1152.0,804.1587,0.24543692,1.4244412
1402250112.2402344,1402250113.25,1.24317e-10,1402250112.7664185,1088.0,2032.0,1688.2609,1.7180586,1.38218
1402460464.6875,1402460465.25,1.24317e-10,1402460464.8470078,896.0,1664.0,1286.187,4.4914956,0.99837774
1402460757.125,1402460757.75,1.24317e-10,1402460757.4441223,16.0,192.0,60.321163,0.12271846,1.4033483
1402460859.0,1402460859.375,1.24317e-10,1402460859.1392517,32.0,1152.0,344.94977,1.4305468,2.4110188
1402461264.125,1402461264.7578125,1.24317e-10,1402461264.383606,58.0,1632.0,871.90607,2.405282,1.9328191
1402461359.875,1402461360.25,7.45901e-10,1402461360.0422363,16.0,96.0,25.811403,0.6108653,2.4382668
1402461557.75,1402461558.375,1.24317e-10,1402461558.088379,1312.0,2032.0,1788.8552,0.883573,1.38218
1402461460.4375,1402461460.625,6.21584e-10,1402461460.5046387,32.0,384.0,146.16151,3.1041927,2.5991404
1402505254.75,1402505255.5,1.24317e-10,1402505255.0733032,16.0,896.0,259.60632,1.3744467,1.38218
1402505758.5,1402505759.75,1.24317e-10,1402505759.1149292,832.0,1728.0,1354.6012,0.025335426,2.328389
1402505041.53125,1402505041.875,1.24317e-10,1402505041.674286,32.0,640.0,208.965,3.828816,2.9371123
1402505454.9375,1402505455.25,7.45901e-10,1402505455.0075684,32.0,384.0,146.2641,4.1969714,1.8667651
1402504932.9765625,1402504933.1875,1.24317e-10,1402504933.0602264,896.0,1728.0,1276.6741,1.6444275,1.612475
1402471275.625,1402471276.375,1.24317e-10,1402471275.9965668,32.0,1408.0,343.41956,2.552544,0.10210642
1402471373.375,1402471373.625,1.24317e-10,1402471373.454422,16.0,640.0,219.15788,2.9206994,2.0943952
1402471508.75,1402471509.125,1.24317e-10,1402471508.8728027,16.0,192.0,81.47724,2.72435,2.0469153
1402471607.5,1402471608.0,1.24317e-10,1402471607.6696472,64.0,384.0,153.69969,3.2397676,1.7594128
1402471816.25,1402471817.25,1.24317e-10,1402471816.678711,1088.0,1664.0,1330.8328,6.0650196,0.46341488
1402472357.21875,1402472357.375,6.21584e-10,1402472357.2438965,16.0,192.0,77.418274,5.325981,2.300524
1402472119.6171875,1402472119.6875,6.21584e-10,1402472119.6308594,32.0,640.0,228.5213,2.25802,2.1186233
1402471707.171875,1402471707.203125,1.98907e-09,1402471707.1781616,576.0,1152.0,851.1615,1.9389517,1.8234766
1402293760.625,1402293761.125,1.24317e-10,1402293760.8021088,64.0,448.0,241.29556,3.5573916,0.43723843
1402293866.5,1402293866.875,1.24317e-10,1402293866.6193237,32.0,192.0,77.482185,1.7180586,1.5916312
1402294162.75,1402294163.125,1.24317e-10,1402294162.8425903,16.0,640.0,186.08968,2.9943304,2.1186233
1402294400.25,1402294400.5,1.24317e-10,1402294400.3051758,128.0,384.0,235.4596,0.28935722,2.6519203
1402294706.875,1402294707.625,1.24317e-10,1402294707.1567383,32.0,896.0,239.05998,5.497787,2.808351
1402293958.421875,1402293958.765625,2.48634e-10,1402293958.5631714,128.0,1216.0,751.5575,5.620506,1.0946773
1402294599.625,1402294599.71875,1.24317e-10,1402294599.6652222,320.0,1216.0,758.0339,6.0650196,2.6781778
1402294490.75,1402294492.0,1.24317e-10,1402294491.095398,16.0,192.0,70.25537,5.0560007,1.7171515
1402299709.75,1402299710.25,1.24317e-10,1402299709.8801727,24.0,896.0,333.51932,2.1353014,2.143215
1402299804.125,1402299804.5,1.24317e-10,1402299804.2528076,48.0,384.0,234.18544,0.2945243,1.7171515
1402299999.25,1402299999.875,1.24317e-10,1402299999.50943,32.0,1216.0,334.1098,2.1145337,2.808351
1402300325.875,1402300326.5,1.24317e-10,1402300326.0616455,32.0,1408.0,305.7168,4.565127,2.023613
1402300095.5,1402300095.625,1.24317e-10,1402300095.5371094,128.0,384.0,231.74449,1.9242256,2.6255763
1402300523.96875,1402300524.125,1.24317e-10,1402300524.0045166,64.0,640.0,270.85205,4.3687773,1.88862
1402300196.53125,1402300196.59375,1.24317e-10,1402300196.5424194,32.0,448.0,178.21725,4.098797,1.6542263
1402299902.125,1402299902.875,1.24317e-10,1402299902.4731445,32.0,992.0,607.256,1.5953401,1.5707964
1402447386.125,1402447386.875,1.24317e-10,1402447386.4598846,16.0,384.0,104.21377,6.0132046,0.99837774
1402447811.125,1402447811.75,1.24317e-10,1402447811.4387207,192.0,704.0,235.37772,6.1359234,0.9733899
1402448206.0,1402448206.625,1.24317e-10,1402448206.2142334,128.0,384.0,235.37201,5.522331,0.99837774
1402447493.125,1402447493.3125,2.3620201e-09,1402447493.1791077,32.0,192.0,78.731,3.9515347,1.8234766
1402483303.375,1402483304.125,1.24317e-10,1402483303.7370453,128.0,672.0,424.0266,1.767146,2.2729106
1402483410.671875,1402483411.0,1.24317e-10,1402483410.7702332,64.0,640.0,232.74872,5.8413987,0.8686821
1402483519.625,1402483520.375,1.24317e-10,1402483519.8903809,16.0,896.0,255.32437,2.3561945,2.962746
1402483625.125,1402483625.75,1.24317e-10,1402483625.4224243,32.0,1216.0,328.17508,6.2177353,0.30739504
1402484283.875,1402484284.5,1.24317e-10,1402484284.2008057,128.0,384.0,235.46848,1.6689711,0.8686821
1402484384.25,1402484384.875,2.85929e-09,1402484384.6514893,16.0,96.0,26.667494,1.521709,2.023613
1402483943.40625,1402483943.625,1.24317e-10,1402483943.473999,896.0,1664.0,1286.3092,6.1113796,0.9479698
1402484047.96875,1402484048.0625,3.7295e-10,1402484047.9978638,32.0,704.0,253.95007,3.3853369,0.7579643
1402368160.5,1402368161.0,1.24317e-10,1402368160.815384,64.0,896.0,262.1378,2.9452434,2.219516
1402368457.5,1402368458.0,1.24317e-10,1402368457.8208923,32.0,192.0,70.721245,1.0553788,1.2748276
1402368669.1875,1402368669.625,2.48634e-10,1402368669.3363647,16.0,192.0,59.87644,4.000622,1.780667
1402368859.0,1402368859.875,1.24317e-10,1402368859.413147,128.0,640.0,422.2028,2.9059732,2.3560877
1402368951.25,1402368951.625,1.24317e-10,1402368951.3469849,64.0,384.0,161.02618,5.129632,0.8410687
1402369049.375,1402369049.75,1.24317e-10,1402369049.5197754,16.0,192.0,69.965034,0.9817477,1.9328191
1402369159.625,1402369160.625,1.24317e-10,1402369160.128418,32.0,1152.0,592.6184,3.8942661,0.6223685
1402368560.609375,1402368560.875,1.24317e-10,1402368560.661255,320.0,1216.0,771.77356,5.3750687,1.4454684
1402438850.8125,1402438851.375,2.48634e-10,1402438850.9942627,320.0,960.0,669.19,0.37203074,2.6519203
1402438941.75,1402438942.25,1.24317e-10,1402438942.0001678,96.0,384.0,231.61096,0.17180584,2.0943952
1402439431.875,1402439432.5,2.48634e-10,1402439432.0870972,16.0,192.0,65.10906,4.3687773,1.88862
1402439530.25,1402439531.0,6.21584e-10,1402439530.5322266,32.0,104.0,69.81746,3.534292,2.88574
1402439904.25,1402439904.625,1.24317e-10,1402439904.362793,16.0,192.0,79.49216,1.9373156,2.7564845
1402439629.484375,1402439630.0,1.24317e-10,1402439629.6835938,64.0,992.0,676.06055,0.05609987,0.35914433
1402439335.984375,1402439336.03125,1.24317e-10,1402439335.9884644,384.0,1152.0,785.2036,2.6417937,0.28160024
1402439721.96875,1402439722.125,6.21584e-10,1402439722.062439,32.0,640.0,243.7801,4.3196898,1.845055
1402309206.875,1402309207.25,1.24317e-10,1402309206.9880505,32.0,384.0,155.97986,0.66267973,1.6542263
1402309447.84375,1402309448.5,1.24317e-10,1402309448.0615234,128.0,1152.0,670.1226,2.3316507,2.193623
1402309989.5,1402309990.25,1.24317e-10,1402309989.7850342,320.0,640.0,425.17636,5.1541753,1.2087735
1402310271.875,1402310272.25,1.24317e-10,1402310272.0091553,64.0,384.0,166.31177,3.828816,2.9371123
1402309658.5,1402309658.625,1.24317e-10,1402309658.5443726,16.0,192.0,58.87059,2.1353014,0.9479698
1402309886.75,1402309886.9375,1.24317e-10,1402309886.8343506,64.0,384.0,225.36566,3.681554,1.1179798
1402310082.0625,1402310082.25,1.24317e-10,1402310082.119995,16.0,192.0,95.12044,5.860279,0.33324155
1402309309.1875,1402309309.34375,1.24317e-10,1402309309.2369843,64.0,640.0,295.22055,3.43095,0.48967242
1402207343.25,1402207343.75,1.24317e-10,1402207343.4292603,128.0,384.0,235.85727,5.0658183,2.6255763
1402207438.25,1402207438.75,1.24317e-10,1402207438.3485565,16.0,384.0,138.8923,3.3379421,0.92207664
1402207625.5625,1402207625.875,1.24317e-10,1402207625.6524353,32.0,576.0,184.46832,0.049087387,0.4111379
1402207717.125,1402207717.5,1.24317e-10,1402207717.2694092,32.0,384.0,137.00525,0.29790968,2.3836286
1402208233.8125,1402208234.5,1.24317e-10,1402208234.0700684,320.0,640.0,424.55405,3.9024472,1.5291177
1402207912.375,1402207912.5,6.21584e-10,1402207912.4093018,16.0,384.0,92.83298,1.8898644,0.8410687
1402410030.375,1402410031.25,1.24317e-10,1402410030.6597748,32.0,96.0,69.653854,4.565127,2.023613
1402410351.625,1402410352.0,1.24317e-10,1402410351.825531,64.0,448.0,245.01634,2.6616273,0.46341488
1402410540.0,1402410540.25,1.24317e-10,1402410540.019287,32.0,192.0,79.50355,3.9515347,1.8234766
1402410641.125,1402410642.125,1.24317e-10,1402410641.513916,1088.0,1664.0,1353.2021,1.7180586,1.5916312
1402411135.2851562,1402411135.625,1.24317e-10,1402411135.4454346,544.0,896.0,695.1122,0.35207504,2.3836286
1402410740.4375,1402410741.375,6.21584e-10,1402410740.8862305,592.0,1728.0,1370.9944,5.1787195,1.9551933
1402219217.046875,1402219218.0,1.24317e-10,1402219217.4726639,1072.0,2040.0,1688.8734,2.8797934,0.07656526
1402219415.625,1402219416.375,1.24317e-10,1402219415.914795,128.0,384.0,235.30397,5.0805445,1.5291177
1402220226.5,1402220227.125,1.24317e-10,1402220226.6542969,32.0,896.0,242.98404,4.1724277,1.5082557
1402220319.5,1402220320.5,1.24317e-10,1402220319.9907227,32.0,1728.0,810.85657,3.509748,1.6542263
1402363542.5,1402363542.875,1.24317e-10,1402363542.6932373,32.0,832.0,253.05779,1.4235342,2.1682029
1402363650.625,1402363651.5,1.24317e-10,1402363650.967926,32.0,192.0,69.99026,0.10709974,2.572607
1402363893.5,1402363893.875,1.24317e-10,1402363893.6989136,16.0,224.0,80.30029,0.13541348,2.3836286
1402363986.375,1402363987.375,1.24317e-10,1402363986.8344727,32.0,96.0,69.7682,3.4361172,1.7171515
1402364283.375,1402364284.125,6.21584e-10,1402364283.6695557,1152.0,2044.0,1759.4603,4.957826,2.0705013
1402364386.09375,1402364386.75,1.24317e-10,1402364386.2850342,320.0,1472.0,866.191,2.0371265,1.3609258
1402363760.8125,1402363761.09375,6.21584e-10,1402363760.968811,32.0,640.0,265.2538,1.1535536,1.3181162
1402363332.046875,1402363332.078125,1.6161199e-09,1402363332.052185,32.0,384.0,137.39926,0.46633017,1.8667651
1402364077.75,1402364078.75,6.21584e-10,1402364078.1983643,32.0,1152.0,123.664406,3.4033923,2.9114454
1402488105.75,1402488106.25,1.24317e-10,1402488105.913437,64.0,384.0,163.44354,1.4971652,1.8667651
1402488210.9375,1402488211.375,7.45901e-10,1402488211.0637817,192.0,320.0,236.46877,1.7426022,0.8956648
1402488302.75,1402488303.125,1.24317e-10,1402488302.9350586,128.0,384.0,233.37616,0.060415246,2.808351
1402488406.375,1402488407.0,1.24317e-10,1402488406.5823364,128.0,384.0,235.52968,6.1113796,0.8956648
1402488703.25,1402488704.0,1.24317e-10,1402488703.6027832,32.0,1216.0,353.13647,2.6470828,2.4382668
1402489013.125,1402489014.5,1.24317e-10,1402489013.8183594,896.0,1856.0,1346.4193,5.6186175,2.808351
1402489199.75,1402489200.0,1.24317e-10,1402489199.8597412,128.0,384.0,237.27042,3.4852045,0.8686821
1402489104.875,1402489105.0,1.24317e-10,1402489104.9221191,32.0,192.0,97.798294,3.047345,2.4923625
1402488609.875,1402488609.9375,1.24317e-10,1402488609.8817139,1088.0,1664.0,1297.818,0.66267973,1.9106333
1402244545.5625,1402244546.125,1.24317e-10,1402244545.7017517,64.0,384.0,235.12605,5.4732437,1.0471976
1402244850.875,1402244851.625,2.2377e-09,1402244851.1795044,32.0,104.0,71.79544,4.2951465,1.9106333
1402244958.0,1402244958.375,1.24317e-10,1402244958.0999146,16.0,384.0,104.29785,1.7520422,0.33324155
1402245053.75,1402245054.625,1.24317e-10,1402245054.0769653,16.0,896.0,252.4386,5.730498,0.70332605
1402245147.71875,1402245148.375,1.24317e-10,1402245147.955017,320.0,640.0,424.69308,2.6016314,0.4111379
1402245342.0,1402245342.5,1.24317e-10,1402245342.1773071,32.0,384.0,165.91867,4.3196898,1.8020179
1402245451.75,1402245452.625,1.24317e-10,1402245452.1368408,1088.0,1664.0,1341.0038,3.2770064,0.7579643
1402245542.375,1402245543.125,1.24317e-10,1402245542.7733154,128.0,384.0,236.2552,4.098797,1.8234766
1402222977.0,1402222977.375,1.24317e-10,1402222977.1128693,32.0,384.0,163.53233,4.9332824,1.5291177
1402223169.0,1402223169.5,1.24317e-10,1402223169.1792603,32.0,384.0,161.76086,3.9269907,1.4664403
1402223276.25,1402223276.875,1.24317e-10,1402223276.4410706,32.0,640.0,211.89958,3.605692,0.56898564
1402223414.5,1402223415.0,1.24317e-10,1402223414.75531,16.0,192.0,75.71174,2.9206994,2.143215
1402223627.625,1402223628.25,1.24317e-10,1402223627.9797363,16.0,192.0,67.79974,0.5399612,1.5916312
1402223736.0,1402223736.875,1.24317e-10,1402223736.317566,48.0,88.0,70.069435,2.969787,2.0943952
1402223934.40625,1402223934.5,1.36748e-09,1402223934.4476318,32.0,640.0,251.56937,2.1107576,1.633337
1402214479.25,1402214479.75,1.24317e-10,1402214479.509468,16.0,448.0,142.42543,2.4543693,2.0705013
1402214583.125,1402214583.5,1.24317e-10,1402214583.274994,16.0,192.0,63.893326,5.0805445,2.143215
1402215024.25,1402215024.625,1.24317e-10,1402215024.3882446,16.0,192.0,65.054276,1.7916895,1.2309594
1402215462.75,1402215463.375,1.24317e-10,1402215463.050293,32.0,896.0,235.45987,0.2945243,1.6751524
1402215562.625,1402215563.5,1.24317e-10,1402215562.9976807,32.0,96.0,69.777954,5.7334065,0.785505
1402215130.9375,1402215131.25,7.45901e-10,1402215131.0736084,32.0,640.0,248.0436,6.2586417,2.300524
1402214791.59375,1402214791.6875,1.24317e-10,1402214791.6091309,384.0,1216.0,814.54694,2.9452434,2.1186233
1402214883.875,1402214884.03125,1.24317e-10,1402214883.9024353,16.0,480.0,208.17024,0.2699806,1.4873664
1402251660.25,1402251661.125,1.24317e-10,1402251660.5961685,32.0,896.0,162.77448,0.93266034,1.5082557
1402251877.375,1402251877.75,1.24317e-10,1402251877.4817505,16.0,192.0,65.892296,0.957204,1.3181162
1402251980.0,1402251980.625,1.24317e-10,1402251980.3210754,128.0,896.0,234.8603,1.8064158,0.25585246
1402252286.8125,1402252287.25,1.24317e-10,1402252286.9299927,16.0,384.0,103.52981,0.4417865,1.38218
1402252388.75,1402252389.125,1.24317e-10,1402252388.9364014,16.0,640.0,219.33113,2.8797934,0.23014726
1402252522.125,1402252522.5,4.97267e-10,1402252522.2922974,16.0,448.0,111.296555,3.3624861,0.8410687
1402252615.25,1402252615.5,1.24317e-10,1402252615.3444824,16.0,192.0,86.821434,2.2334762,1.8667651
1402251752.578125,1402251752.625,6.21584e-10,1402251752.59198,32.0,384.0,200.52428,1.5462526,0.99837774
1402201746.75,1402201747.25,1.24317e-10,1402201746.939148,32.0,1408.0,333.2,2.8049934,2.962746
1402202065.375,1402202066.0,1.24317e-10,1402202065.5281372,16.0,384.0,105.38546,4.5896707,1.5291177
1402202271.625,1402202272.625,1.24317e-10,1402202272.149292,1088.0,1664.0,1339.2965,3.509748,1.1410209
1402202378.25,1402202379.125,1.24317e-10,1402202378.687622,320.0,640.0,424.21194,4.3196898,1.88862
1402236070.0,1402236070.75,1.24317e-10,1402236070.363762,16.0,192.0,67.82647,0.5890486,3.0394864
1402236393.875,1402236394.375,1.24317e-10,1402236394.0611572,64.0,832.0,256.34402,6.1477723,0.7579643
1402236677.625,1402236678.375,1.24317e-10,1402236677.9508057,32.0,384.0,162.81975,0.3926991,0.25585246
1402236888.875,1402236889.875,1.24317e-10,1402236889.2941284,32.0,1664.0,802.4962,3.6324666,1.7171515
1402237089.375,1402237089.875,1.36748e-09,1402237089.6550293,16.0,384.0,77.54355,3.3228383,2.808351
1402236284.6875,1402236284.8125,1.24317e-10,1402236284.708191,896.0,1664.0,1285.2301,3.779729,1.5499616
1402236587.8125,1402236587.90625,1.24317e-10,1402236587.8475342,64.0,448.0,240.6733,0.66267973,2.245928
1402236495.2734375,1402236495.75,1.24317e-10,1402236495.4475098,128.0,960.0,707.829,2.2334762,0.8956648
1402286560.25,1402286561.125,1.24317e-10,1402286560.6405334,48.0,80.0,69.460594,3.0149157,2.328389
1402287151.0,1402287151.25,6.21584e-10,1402287151.0459595,32.0,192.0,74.50317,0.41724277,1.4454684
1402287346.5,1402287346.75,1.24317e-10,1402287346.583191,16.0,384.0,106.391594,2.8961558,2.1682029
1402287540.625,1402287541.5,1.24317e-10,1402287541.0076904,1040.0,1664.0,1339.4612,0.35207504,2.3836286
1402286761.5,1402286761.59375,1.24317e-10,1402286761.537323,128.0,1216.0,745.78937,0.30854928,2.4110188
1402286469.703125,1402286469.71875,1.24317e-10,1402286469.7105637,1152.0,1984.0,1595.2317,1.7849959,0.28160024
1402287254.9921875,1402287255.625,1.24317e-10,1402287255.2244873,192.0,960.0,647.7907,0.66267973,1.4033483
1402232637.875,1402232638.375,1.24317e-10,1402232638.1051178,128.0,384.0,235.19427,3.3624861,1.2748276
1402232745.625,1402232746.25,1.24317e-10,1402232745.831665,16.0,416.0,103.797844,2.0348954,0.56898564
1402232952.5,1402232953.0,1.24317e-10,1402232952.6692505,32.0,384.0,162.44814,3.1023228,2.6255763
1402233340.25,1402233341.0,1.24317e-10,1402233340.5611572,1408.0,2044.0,1804.4973,3.9662607,0.51601636
1402233553.375,1402233553.75,6.21584e-10,1402233553.4420166,208.0,288.0,235.26218,4.098797,0.99837774
1402233154.25,1402233154.4375,1.24317e-10,1402233154.303711,32.0,384.0,105.52558,0.3436117,1.5916312
1402233246.421875,1402233246.875,6.21584e-10,1402233246.6031494,1600.0,2032.0,1932.0342,5.926186,0.28160024
1402242157.5,1402242158.375,1.24317e-10,1402242157.8886566,320.0,640.0,422.6294,0.564505,1.9106333
1402243056.8125,1402243057.625,1.24317e-10,1402243057.0761719,64.0,640.0,423.18283,1.6198838,1.0229695
1402243158.125,1402243159.5,1.24317e-10,1402243158.7409668,640.0,1728.0,1349.5894,1.2271847,2.730455
1402242954.6875,1402242954.875,6.21584e-10,1402242954.7454834,16.0,192.0,78.04523,2.25802,1.8020179
1402242642.21875,1402242643.0,1.24317e-10,1402242642.5211792,32.0,1152.0,602.03143,4.712389,1.6751524
1402242265.125,1402242265.875,1.24317e-10,1402242265.4398193,32.0,1152.0,628.555,3.8443172,0.48967242
1402454729.0,1402454729.375,1.24317e-10,1402454729.114441,128.0,384.0,233.13171,2.012583,1.0710913
1402454826.75,1402454827.5390625,1.24317e-10,1402454827.0783386,32.0,1472.0,856.1749,5.1541753,2.1682029
1402454922.5625,1402454922.875,1.24317e-10,1402454922.6780396,16.0,224.0,75.90527,0.8099419,1.7382444
1402455116.125,1402455116.625,1.24317e-10,1402455116.418579,16.0,192.0,76.6688,4.2951465,1.9106333
1402455328.25,1402455329.0,1.24317e-10,1402455328.522644,32.0,1152.0,616.9171,2.7895176,0.7579643
1402455420.0625,1402455420.75,6.21584e-10,1402455420.3702393,1312.0,2040.0,1766.1671,1.2271847,2.1682029
1402455025.375,1402455026.375,1.24317e-10,1402455025.854126,832.0,1728.0,1350.7339,2.1353014,1.6542263
1402457252.875,1402457253.625,1.24317e-10,1402457253.2244263,16.0,896.0,255.22574,1.12901,1.6751524
1402457949.5,1402457950.5,1.24317e-10,1402457949.9920654,32.0,1216.0,618.002,3.3870296,1.0229695
1402457543.71875,1402457543.8125,1.24317e-10,1402457543.756897,896.0,1760.0,1253.5756,5.497787,1.1179798
1402457737.890625,1402457737.96875,1.24317e-10,1402457737.935669,640.0,2032.0,1461.4332,3.809181,0.51601636
1402457447.875,1402457449.0,1.24317e-10,1402457448.4805298,1088.0,1664.0,1337.7433,5.0336885,2.572607
1402457350.546875,1402457351.0,1.24317e-10,1402457350.78479,64.0,640.0,177.3117,0.50489885,2.7824485
1402324959.0,1402324959.5,1.24317e-10,1402324959.1493683,16.0,896.0,249.18867,2.3000948,0.35914433
1402325445.125,1402325445.5,1.24317e-10,1402325445.2392578,128.0,384.0,232.25139,1.1478897,2.808351
1402325946.1875,1402325947.375,1.24317e-10,1402325946.725708,1088.0,1728.0,1346.963,2.6270216,0.7579643
1402325349.65625,1402325349.75,1.11885e-09,1402325349.6953735,32.0,192.0,102.55812,3.2594025,0.51601636
1402325051.2304688,1402325051.75,1.24317e-10,1402325051.4841309,1472.0,2032.0,1853.8066,1.1780972,1.5082557
1402406666.125,1402406666.5,1.24317e-10,1402406666.2375183,16.0,192.0,76.67699,6.2551355,2.4110188
1402406966.75,1402406967.25,1.24317e-10,1402406966.876892,128.0,384.0,237.06084,2.608644,0.7305738
1402407503.75,1402407504.125,1.6161199e-09,1402407503.8986816,32.0,384.0,166.22243,3.1170492,0.8410687
1402407595.0,1402407595.875,1.24317e-10,1402407595.1882324,32.0,896.0,268.78552,2.0616703,1.845055
1402406876.25,1402406876.375,6.21584e-10,1402406876.290985,64.0,1408.0,236.92131,2.9520137,0.7579643
1402407372.25,1402407372.34375,1.24317e-10,1402407372.288147,32.0,480.0,209.24704,0.46633017,1.6961243
1402407062.125,1402407063.375,1.24317e-10,1402407062.6868286,16.0,192.0,70.48681,5.722187,0.17884691
1402398156.375,1402398157.375,1.24317e-10,1402398156.7634125,32.0,96.0,69.27062,5.9111547,2.6519203
1402398361.0,1402398361.75,1.24317e-10,1402398361.3104858,32.0,384.0,161.9985,1.914408,1.9777715
1402398569.75,1402398570.0,1.24317e-10,1402398569.8237305,16.0,384.0,104.43634,0.883573,1.2965378
1402398988.625,1402398989.25,1.24317e-10,1402398988.795288,128.0,384.0,235.15834,5.939574,0.4111379
1402399192.4375,1402399193.0,1.24317e-10,1402399192.579834,16.0,192.0,77.56281,4.638758,1.780667
1402398065.625,1402398065.75,1.6161199e-09,1402398065.6556702,32.0,192.0,106.03326,2.4298258,2.0469153
1402311767.84375,1402311768.25,1.24317e-10,1402311767.9902039,160.0,1312.0,794.337,0.319068,1.4033483
1402312043.125,1402312044.375,1.24317e-10,1402312043.4960938,928.0,1664.0,1351.4534,4.565127,1.7594128
1402312151.5,1402312152.375,1.24317e-10,1402312151.914734,128.0,640.0,423.76437,1.9073956,0.5424523
1402312260.25,1402312260.5,1.24317e-10,1402312260.3859863,32.0,704.0,256.7743,5.7923117,0.92207664
1402312557.875,1402312558.25,1.24317e-10,1402312558.0160522,16.0,192.0,67.97178,0.3436117,2.2729106
1402312741.875,1402312742.125,1.24317e-10,1402312741.9420166,64.0,384.0,159.59692,3.105893,2.572607
1402311951.484375,1402311951.53125,2.48634e-10,1402311951.5032349,1088.0,2016.0,1594.4572,0.66267973,1.612475
1402200465.875,1402200466.5,1.24317e-10,1402200466.1236877,320.0,480.0,424.03006,4.221515,1.7171515
1402200561.75,1402200562.125,1.24317e-10,1402200561.8578796,128.0,384.0,236.11172,0.957204,1.4033483
1402200859.25,1402200859.75,1.24317e-10,1402200859.4910278,32.0,384.0,104.11472,1.0308352,1.38218
1402200277.25,1402200277.5546875,1.24317e-10,1402200277.3362198,64.0,608.0,241.94676,1.914408,0.92207664
1402201157.75,1402201157.875,1.24317e-10,1402201157.779419,64.0,384.0,241.79633,4.565127,1.7171515
1402201056.625,1402201057.625,2.48634e-10,1402201057.0107422,1056.0,2044.0,1703.6359,3.3706672,0.6223685
1402375912.25,1402375913.0,1.24317e-10,1402375912.5297852,32.0,384.0,160.32498,4.0017905,0.5424523
1402376005.375,1402376006.375,1.24317e-10,1402376005.786377,832.0,1728.0,1344.5294,2.8961558,2.2729106
1402376100.5,1402376101.125,1.24317e-10,1402376100.767334,896.0,1664.0,1278.1083,0.9817477,1.5082557
1402376195.875,1402376196.25,1.24317e-10,1402376195.9880981,128.0,384.0,238.02933,4.8351073,1.4454684
1402375391.875,1402375392.3125,6.21584e-10,1402375392.0912323,448.0,1440.0,978.421,3.4033923,0.07656526
1402375702.140625,1402375702.1875,1.86475e-09,1402375702.1571045,640.0,2016.0,1460.4069,2.505794,2.5991404
1402375288.25,1402375289.5,1.24317e-10,1402375288.78479,896.0,1664.0,1337.3622,0.4417865,1.5916312
1402432811.25,1402432811.625,1.24317e-10,1402432811.3648682,32.0,384.0,104.92639,5.203263,1.88862
1402433002.25,1402433002.875,1.24317e-10,1402433002.4369812,16.0,896.0,250.2144,4.9823694,1.3609258
1402433096.25,1402433096.875,1.24317e-10,1402433096.4611816,16.0,896.0,243.93527,4.6633015,1.9328191
1402433189.8125,1402433190.25,1.24317e-10,1402433189.9997864,32.0,192.0,70.978096,1.2042772,2.7564845
1402433586.875,1402433587.25,1.24317e-10,1402433587.0299683,64.0,448.0,237.2638,2.2490947,2.572607
1402433682.75,1402433683.0,1.24317e-10,1402433682.784546,128.0,384.0,236.94011,4.8596516,1.5082557
1402433489.46875,1402433489.625,1.24317e-10,1402433489.5048218,64.0,384.0,238.36415,6.011317,2.4653792
1402224071.625,1402224072.125,1.24317e-10,1402224071.7947083,32.0,192.0,71.819695,3.6497915,0.43723843
1402224167.125,1402224167.75,1.24317e-10,1402224167.4864655,16.0,384.0,76.93955,4.1969714,1.3181162
1402224269.125,1402224269.75,1.24317e-10,1402224269.3970337,48.0,960.0,595.1405,4.638758,2.0469153
1402224372.625,1402224373.125,1.24317e-10,1402224372.821045,16.0,192.0,75.02984,2.2051566,2.4653792
1402224480.625,1402224481.75,1.24317e-10,1402224481.0216675,32.0,96.0,69.89639,2.9452434,2.1186233
1402224584.75,1402224585.875,1.24317e-10,1402224585.2107544,1056.0,1664.0,1342.9247,2.6016314,0.4111379
1402224781.875,1402224782.75,1.24317e-10,1402224782.2161865,128.0,640.0,424.763,2.670354,2.4923625
1402224971.375,1402224971.5625,1.24317e-10,1402224971.4127197,32.0,640.0,210.4162,3.779729,0.8686821
1402436856.5,1402436857.0,1.24317e-10,1402436856.6552734,128.0,384.0,234.98146,0.8099419,1.4454684
1402436964.625,1402436965.0,1.24317e-10,1402436964.795288,64.0,384.0,153.37369,4.098797,1.780667
1402437173.25,1402437173.75,1.24317e-10,1402437173.435669,32.0,896.0,286.78665,0.83448553,1.6751524
1402437478.0,1402437478.5,1.24317e-10,1402437478.2364502,320.0,640.0,423.55328,1.0553788,1.5707964
1402436425.25,1402436425.375,7.45901e-10,1402436425.274681,32.0,192.0,77.98172,4.9087386,1.5082557
1402436748.1875,1402436748.625,1.24317e-10,1402436748.3453064,320.0,1376.0,803.88403,4.9087386,2.8341978
1402436523.71875,1402436523.78125,1.24317e-10,1402436523.7376251,32.0,448.0,214.62598,5.129632,2.0469153
1402436654.8242188,1402436655.375,1.24317e-10,1402436655.084076,192.0,832.0,277.48126,5.2478876,2.572607
1402430545.25,1402430546.0,1.24317e-10,1402430545.5417023,32.0,192.0,70.50333,4.3196898,1.7171515
1402430944.375,1402430945.25,1.24317e-10,1402430944.8024902,128.0,640.0,425.03595,4.1233406,1.4664403
1402431047.0,1402431047.25,1.24317e-10,1402431047.085144,32.0,384.0,106.29068,1.0553788,1.3609258
1402431325.5,1402431326.0,1.24317e-10,1402431325.6652222,32.0,1216.0,333.36194,2.1843886,1.7382444
1402431418.0,1402431418.625,2.48634e-10,1402431418.1917725,64.0,320.0,235.28331,3.2152238,0.99837774
1402431513.625,1402431514.375,1.24317e-10,1402431513.8775635,32.0,384.0,149.82947,3.583379,1.1638212
1402430744.8125,1402430745.1875,2.48634e-10,1402430744.9771423,384.0,1472.0,864.63074,2.3561945,0.48967242
1402430650.1875,1402430650.25,1.24317e-10,1402430650.2065125,896.0,1664.0,1298.44,5.2278066,1.6542263
1402430853.34375,1402430853.4375,1.24317e-10,1402430853.3719177,1056.0,1664.0,1290.8888,2.215945,2.4110188
1402431142.5625,1402431143.375,1.24317e-10,1402431142.861023,32.0,1152.0,613.91174,1.5953401,1.3609258
1402260290.875,1402260291.5,1.24317e-10,1402260291.2140198,16.0,384.0,104.60584,5.0560007,2.730455
1402260400.25,1402260401.0,1.24317e-10,1402260400.478485,128.0,640.0,425.01965,6.1591754,0.48967242
1402260502.0625,1402260502.5625,1.24317e-10,1402260502.2733154,304.0,1312.0,774.96594,5.6450496,2.219516
1402260703.75,1402260704.625,1.24317e-10,1402260704.1195679,32.0,576.0,71.764275,1.6935148,0.8956648
1402260910.375,1402260911.0,7.45901e-10,1402260910.7589111,16.0,384.0,83.936584,2.0348954,0.56898564
1402261111.21875,1402261111.265625,1.24317e-10,1402261111.232666,32.0,576.0,218.87035,5.871786,0.5424523
1402273306.75,1402273307.125,1.24317e-10,1402273306.8626862,16.0,192.0,65.876175,0.09817477,2.2729106
1402273694.0,1402273694.625,1.24317e-10,1402273694.4512024,48.0,896.0,246.50877,1.4971652,2.300524
1402274213.375,1402274214.125,1.24317e-10,1402274213.659729,16.0,192.0,75.84897,0.15707964,3.0139287
1402274319.5,1402274320.25,1.24317e-10,1402274319.756958,32.0,384.0,232.92918,0.83448553,2.1186233
1402273898.625,1402273899.625,1.24317e-10,1402273899.086914,24.0,96.0,69.75767,2.0371265,0.8410687
1402273206.875,1402273207.75,1.24317e-10,1402273207.2223244,1088.0,1728.0,1343.537,5.751142,0.8132037
1402273801.796875,1402273802.625,7.45901e-10,1402273802.1826172,1120.0,2036.0,1748.8964,3.3870296,1.633337
1402470080.625,1402470081.25,1.24317e-10,1402470080.8344574,320.0,896.0,425.65723,1.4971652,1.9551933
1402470383.375,1402470384.0,1.24317e-10,1402470383.7156067,16.0,192.0,70.07597,4.000622,1.8234766
1402471075.125,1402471075.5,1.24317e-10,1402471075.2121582,576.0,2040.0,1576.7776,2.519819,2.5192242
1402471179.25,1402471179.875,1.24317e-10,1402471179.420288,128.0,384.0,235.40208,1.2271847,2.730455
1402470684.28125,1402470684.4375,7.45901e-10,1402470684.3226929,16.0,192.0,59.69459,3.2770064,0.7579643
1402470778.7421875,1402470779.0,1.24317e-10,1402470778.8256226,64.0,640.0,221.39603,6.0132046,0.9479698
1402470286.9375,1402470287.25,7.45901e-10,1402470287.118744,16.0,704.0,64.76032,0.12667713,2.328389
1402470979.9375,1402470980.125,1.24317e-10,1402470980.03125,64.0,640.0,233.1768,3.6324666,0.8686821
1402295013.875,1402295014.125,1.24317e-10,1402295013.9597473,32.0,192.0,89.70503,2.9206994,2.143215
1402295122.25,1402295122.75,1.24317e-10,1402295122.550293,16.0,384.0,99.091965,4.9087386,2.2729106
1402295415.4375,1402295417.0,1.24317e-10,1402295416.1721802,896.0,1920.0,1343.7351,3.4361172,1.5916312
1402295608.5,1402295609.375,1.24317e-10,1402295608.8895264,32.0,1152.0,584.7166,2.3918946,0.56898564
1402295717.125,1402295717.375,1.24317e-10,1402295717.1904907,16.0,192.0,73.91907,6.2551355,2.4110188
1402295927.0,1402295927.625,1.24317e-10,1402295927.2697754,16.0,384.0,138.53105,4.000622,1.8234766
1402295215.8125,1402295216.0625,2.48634e-10,1402295215.9275513,32.0,896.0,135.17598,4.2041903,0.43723843
1402482402.125,1402482402.75,1.24317e-10,1402482402.307312,48.0,384.0,161.74666,5.4294915,2.5459704
1402482810.6875,1402482812.0,1.24317e-10,1402482811.257141,1056.0,2046.0,1693.1885,6.068986,0.28160024
1402482907.25,1402482907.625,1.24317e-10,1402482907.4388428,16.0,192.0,65.88574,0.93266034,2.730455
1402483095.5,1402483095.875,1.24317e-10,1402483095.5959473,32.0,384.0,159.2059,0.66267973,1.780667
1402482294.4375,1402482294.5625,1.24317e-10,1402482294.4791565,320.0,2032.0,1498.4979,6.152286,0.15324302
1402274508.125,1402274508.75,1.24317e-10,1402274508.500122,16.0,192.0,68.98546,3.0701928,0.28160024
1402274909.1875,1402274909.5,1.24317e-10,1402274909.2711792,832.0,1664.0,1295.9584,1.4726217,1.845055
1402275289.125,1402275289.625,1.24317e-10,1402275289.303772,128.0,384.0,235.2917,2.6998062,0.4111379
1402275591.875,1402275592.25,1.24317e-10,1402275591.937378,32.0,192.0,70.58443,4.221515,1.845055
1402275395.78125,1402275396.0,1.6161199e-09,1402275395.796753,32.0,192.0,71.653946,0.73123276,2.3836286
1402275000.65625,1402275000.8125,1.24317e-10,1402275000.7183228,896.0,1472.0,1255.7015,3.681554,1.2087735
1402446115.9375,1402446116.5,1.24317e-10,1402446116.1495209,128.0,384.0,234.72691,2.8470683,2.9371123
1402446211.625,1402446212.375,1.24317e-10,1402446211.9706879,16.0,896.0,258.6742,5.0560007,0.4111379
1402446510.75,1402446511.5,1.24317e-10,1402446511.091919,16.0,384.0,106.231804,4.783789,2.8599925
1402447194.125,1402447194.875,1.24317e-10,1402447194.4307861,32.0,192.0,69.97713,0.8590293,1.3181162
1402446407.96875,1402446408.5,6.21584e-10,1402446408.1871948,1392.0,2032.0,1780.7224,3.0630531,0.785505
1402446802.21875,1402446803.25,1.24317e-10,1402446802.6849365,1072.0,2040.0,1671.5374,0.2945243,1.5082557
1402416166.0625,1402416166.625,1.24317e-10,1402416166.3753204,32.0,384.0,147.10152,3.3624861,1.6961243
1402416562.75,1402416563.5,1.24317e-10,1402416563.029419,16.0,384.0,80.133934,0.32339925,2.7043543
1402416761.0,1402416761.5,1.24317e-10,1402416761.2276,32.0,384.0,161.05377,6.086836,1.0710913
1402416861.375,1402416861.75,1.24317e-10,1402416861.548767,32.0,192.0,77.30808,5.148721,2.9114454
1402417070.125,1402417070.625,1.24317e-10,1402417070.3460693,16.0,384.0,75.54083,4.1233406,1.5082557
1402416658.75,1402416659.75,1.24317e-10,1402416659.192627,992.0,1664.0,1342.1461,4.957826,2.2729106
1402322699.5,1402322700.125,1.24317e-10,1402322699.702423,16.0,896.0,271.40927,2.7301939,2.5991404
1402323030.625,1402323030.875,1.24317e-10,1402323030.7398682,16.0,192.0,61.21743,0.15707964,3.0139287
1402322600.140625,1402322600.203125,6.21584e-10,1402322600.1796722,128.0,384.0,238.49255,3.0188744,2.0943952
1402323341.5,1402323342.375,1.24317e-10,1402323341.940857,1088.0,2044.0,1737.8713,4.6633015,1.5082557
1402322839.2382812,1402322839.625,1.24317e-10,1402322839.424652,32.0,1408.0,300.93552,5.6488256,2.4653792
1402411340.0625,1402411340.625,1.24317e-10,1402411340.2363129,16.0,384.0,102.86095,2.1205752,2.88574
1402411436.25,1402411436.625,1.24317e-10,1402411436.2918243,32.0,192.0,71.44016,5.942846,0.785505
1402411543.25,1402411543.625,1.24317e-10,1402411543.395813,32.0,1600.0,316.94278,3.1808627,0.51601636
1402411651.125,1402411651.625,1.24317e-10,1402411651.2296448,16.0,384.0,101.95883,0.49087384,1.633337
1402411749.375,1402411750.625,1.24317e-10,1402411749.8516846,1088.0,1728.0,1353.335,1.1780972,3.0905561
1402412377.25,1402412377.75,1.24317e-10,1402412377.3676758,128.0,384.0,229.26381,0.5890486,2.023613
1402411948.875,1402411948.96875,1.24317e-10,1402411948.9058838,32.0,640.0,227.85959,0.6135923,1.6542263
1402411843.640625,1402411844.375,1.24317e-10,1402411843.9017944,128.0,992.0,609.7533,4.221515,1.38218
1402362025.21875,1402362025.75,1.24317e-10,1402362025.4069023,320.0,1440.0,867.25635,0.9817477,1.5499616
1402362632.5,1402362632.875,1.24317e-10,1402362632.656311,64.0,704.0,334.9854,1.8456857,0.51601636
1402362846.625,1402362846.875,2.61065e-09,1402362846.7296753,16.0,112.0,58.55539,5.0560007,1.633337
1402362949.625,1402362950.0,1.24317e-10,1402362949.7545776,32.0,704.0,216.9288,3.2986724,0.12766427
1402363045.75,1402363046.875,1.24317e-10,1402363046.2166748,32.0,192.0,70.352745,3.7060978,1.5291177
1402363142.125,1402363142.375,1.24317e-10,1402363142.2440186,32.0,640.0,217.99695,0.41724277,1.780667
1402308023.625,1402308024.125,1.24317e-10,1402308023.735962,16.0,192.0,64.8394,1.9880391,1.8667651
1402308216.5,1402308217.3125,1.24317e-10,1402308216.9298248,56.0,1664.0,848.63116,4.5896707,1.5291177
1402308505.5625,1402308506.0,1.24317e-10,1402308505.7268677,64.0,384.0,232.84233,0.9256478,2.4110188
1402308810.375,1402308811.125,1.24317e-10,1402308810.692627,128.0,384.0,236.82907,6.1113796,1.1410209
1402308313.3125,1402308313.5625,1.24317e-10,1402308313.375824,896.0,1664.0,1267.5245,6.1113796,0.8956648
1402429398.375,1402429399.375,1.24317e-10,1402429398.8071442,32.0,192.0,69.97825,3.85336,1.5291177
1402429713.8125,1402429714.375,1.24317e-10,1402429713.9833984,320.0,640.0,425.8031,0.50819886,2.7043543
1402429819.25,1402429820.0,1.24317e-10,1402429819.5908813,32.0,1248.0,346.51996,3.3228383,2.808351
1402430259.0,1402430259.375,1.24317e-10,1402430259.0749512,16.0,224.0,69.98536,2.3316507,2.0469153
1402430351.5625,1402430351.65625,2.48634e-10,1402430351.584961,64.0,384.0,167.24751,0.5890486,1.633337
1402430151.5,1402430152.375,1.24317e-10,1402430151.8555298,32.0,1408.0,341.0144,3.0925052,2.730455
1402429288.75,1402429289.75,1.24317e-10,1402429289.1932678,896.0,1696.0,1338.1381,0.05235988,0.38510814
1402429604.0,1402429605.0,1.24317e-10,1402429604.4200745,32.0,1152.0,605.08,1.7916895,2.193623
1402356088.125,1402356088.5,6.21584e-10,1402356088.206253,16.0,192.0,74.39123,3.8042724,1.4454684
1402356295.375,1402356295.75,1.24317e-10,1402356295.5033264,320.0,1408.0,783.65717,1.4726217,1.3395748
1402356500.0625,1402356500.5,1.24317e-10,1402356500.201416,896.0,1664.0,1290.9004,6.1959186,2.4382668
1402356808.875,1402356810.5,1.24317e-10,1402356809.7625122,896.0,1728.0,1352.2542,5.031457,1.3181162
1402356998.625,1402356999.375,1.24317e-10,1402356998.956787,32.0,992.0,609.6126,2.3071072,2.219516
1402356188.375,1402356188.5625,1.24317e-10,1402356188.4409332,128.0,384.0,237.74379,2.0348954,0.56898564
1402356702.1875,1402356702.3125,1.24317e-10,1402356702.2388916,32.0,192.0,104.37726,1.6444275,0.9479698
1402448400.375,1402448401.625,1.24317e-10,1402448400.939208,1056.0,1664.0,1348.0846,1.3008157,1.2748276
1402448912.0,1402448912.375,1.24317e-10,1402448912.0859375,16.0,384.0,134.40332,5.0069137,1.5082557
1402449006.875,1402449007.375,1.24317e-10,1402449007.0737305,32.0,896.0,259.34897,5.8624363,0.7305738
1402449316.25,1402449317.0,1.24317e-10,1402449316.6019287,32.0,384.0,159.44295,3.5588355,1.5707964
1402449413.125,1402449414.0,1.24317e-10,1402449413.4736938,32.0,1152.0,598.79974,5.497787,1.1179798
1402449511.125,1402449511.5,1.24317e-10,1402449511.2677002,896.0,1664.0,1287.3932,0.62005126,2.6519203
1402448709.8125,1402448709.859375,6.21584e-10,1402448709.8285828,1088.0,1472.0,1292.4801,1.3989905,1.1410209
1402448505.3476562,1402448505.875,1.24317e-10,1402448505.577774,192.0,896.0,658.21344,4.246059,1.5291177
1402202475.125,1402202475.375,1.24317e-10,1402202475.1883469,64.0,384.0,162.69981,5.6141424,2.4382668
1402203041.5,1402203041.875,1.24317e-10,1402203041.6221313,16.0,384.0,98.76612,4.5896707,2.0943952
1402203131.9375,1402203132.25,1.24317e-10,1402203132.020935,64.0,576.0,168.43034,0.49087384,1.88862
1402203239.125,1402203239.875,1.24317e-10,1402203239.4559937,64.0,384.0,233.72008,0.564505,1.9106333
1402203338.875,1402203339.125,6.21584e-10,1402203338.9348145,16.0,192.0,60.538483,6.2490377,2.5459704
1402202575.0,1402202575.0234375,6.21584e-10,1402202575.0060272,32.0,704.0,278.72708,1.727876,0.38510814
1402298490.5,1402298490.75,1.24317e-10,1402298490.556755,16.0,384.0,107.80646,2.050762,0.46341488
1402298581.5,1402298581.875,1.24317e-10,1402298581.5662384,320.0,1408.0,806.97864,5.851217,0.51601636
1402298677.0,1402298678.0,1.24317e-10,1402298677.3922424,1088.0,1664.0,1348.8772,4.251983,0.7579643
1402299390.125,1402299390.5,1.24317e-10,1402299390.2426758,64.0,384.0,161.99884,4.7778387,2.8341978
1402298779.4375,1402298779.5625,1.24317e-10,1402298779.4692078,704.0,1472.0,1229.4999,6.002686,0.35914433
1402350256.75,1402350257.25,1.24317e-10,1402350256.9245605,176.0,320.0,235.59354,3.85336,1.0471976
1402350560.5,1402350561.0,1.24317e-10,1402350560.7589722,56.0,448.0,230.45592,1.1780972,1.2529727
1402350669.875,1402350670.125,1.24317e-10,1402350669.9821777,64.0,384.0,139.76186,2.5034568,0.4111379
1402350879.125,1402350880.0,1.24317e-10,1402350879.4649048,1088.0,1664.0,1336.0156,5.1670938,2.6519203
1402476024.5,1402476025.25,1.24317e-10,1402476024.8518753,32.0,896.0,251.20901,2.1598449,0.10210642
1402476134.625,1402476135.25,1.24317e-10,1402476134.9815521,64.0,384.0,235.05934,5.9166665,0.38510814
1402476232.25,1402476232.875,1.24317e-10,1402476232.4524994,32.0,384.0,151.3784,1.7520422,0.33324155
1402476433.625,1402476434.125,1.24317e-10,1402476433.8822327,216.0,896.0,685.6441,3.3624861,1.6961243
1402476528.875,1402476529.375,1.24317e-10,1402476528.9940796,128.0,384.0,235.24081,5.7923117,2.9371123
1402476622.25,1402476623.0,1.24317e-10,1402476622.5386353,896.0,1664.0,1288.0422,2.478913,2.193623
1402476826.375,1402476827.5,1.24317e-10,1402476827.0205078,16.0,192.0,65.432915,3.006179,2.3836286
1402476923.375,1402476923.875,1.24317e-10,1402476923.5621338,16.0,192.0,75.09015,5.2278066,1.5291177
1402477120.46875,1402477120.53125,1.24317e-10,1402477120.4836426,1088.0,1472.0,1274.9559,3.2724924,2.9883497
1402396956.9375,1402396957.25,1.24317e-10,1402396957.0255127,16.0,384.0,129.83957,5.3750687,0.9479698
1402397267.5,1402397268.0,1.24317e-10,1402397267.591278,16.0,704.0,74.11111,1.6935148,1.5707964
1402397560.125,1402397561.0,1.24317e-10,1402397560.4832153,128.0,384.0,235.32127,4.6853065,0.7579643
1402397653.5,1402397654.125,1.24317e-10,1402397653.6810303,16.0,448.0,143.12804,1.8162333,1.5499616
1402397860.0,1402397860.375,1.24317e-10,1402397860.201538,32.0,192.0,72.70807,5.031457,1.9551933
1402397173.796875,1402397173.875,1.24317e-10,1402397173.8162842,128.0,1216.0,751.3156,3.3379421,1.1179798
1402465457.0,1402465457.25,1.11885e-09,1402465457.0752563,16.0,48.0,24.456057,3.3624861,0.9479698
1402465549.625,1402465550.0,1.24317e-10,1402465549.8391113,32.0,1152.0,264.35098,3.3133986,1.7382444
1402465832.25,1402465833.25,1.24317e-10,1402465832.8677368,16.0,192.0,75.924164,4.2951465,1.4033483
1402466036.25,1402466036.875,1.24317e-10,1402466036.637329,32.0,384.0,159.00674,2.6884785,2.4653792
1402466134.0,1402466134.375,1.24317e-10,1402466134.1374512,128.0,384.0,235.25755,5.4487,1.0710913
1402466231.0,1402466231.375,1.24317e-10,1402466231.1136475,16.0,704.0,143.3586,0.3436117,1.4244412
1402466324.875,1402466325.875,1.24317e-10,1402466325.432129,1088.0,2044.0,1686.0559,4.7369328,1.780667
1402502603.5,1402502603.875,1.24317e-10,1402502603.6206055,32.0,704.0,315.97836,4.565127,1.845055
1402502808.875,1402502809.125,6.21584e-10,1402502808.9075928,32.0,192.0,70.54014,4.1233406,1.7594128
1402502909.828125,1402502910.5,1.24317e-10,1402502910.0992432,1520.0,2040.0,1866.4707,5.301438,0.92207664
1402503236.0,1402503236.375,2.48634e-10,1402503236.147766,320.0,480.0,421.3938,1.8098308,0.59562236
1402503344.0,1402503344.875,1.24317e-10,1402503344.3763428,32.0,192.0,71.33354,1.4480779,1.5291177
1402503538.9375,1402503539.25,1.24317e-10,1402503539.0310059,32.0,704.0,262.2512,1.521709,1.0710913
1402502505.8125,1402502505.9375,1.24317e-10,1402502505.836769,320.0,1216.0,775.2208,4.7778387,2.8341978
1402503020.6875,1402503020.734375,1.24317e-10,1402503020.7092285,384.0,1152.0,797.85785,4.810564,2.2729106
1402458359.5,1402458360.25,1.24317e-10,1402458359.8016968,32.0,896.0,247.51704,3.4361172,2.9371123
1402458962.625,1402458963.25,1.24317e-10,1402458962.9315186,64.0,448.0,238.58366,1.1535536,1.4873664
1402459170.375,1402459171.0,1.24317e-10,1402459170.536499,192.0,960.0,709.2408,0.6021386,2.3560877
1402458455.90625,1402458455.96875,1.24317e-10,1402458455.929779,32.0,384.0,144.7238,4.7860203,2.245928
1402458269.6679688,1402458269.6875,1.24317e-10,1402458269.6744995,384.0,1152.0,752.34717,0.19634955,1.4244412
1402458856.21875,1402458856.234375,7.45901e-10,1402458856.2215576,640.0,1216.0,890.2868,3.4606607,1.6542263
1402213343.75,1402213344.125,1.24317e-10,1402213343.8956757,16.0,384.0,102.52366,0.41724277,1.8667651
1402213653.25,1402213653.625,1.24317e-10,1402213653.3190918,64.0,896.0,329.3688,3.3870296,1.6751524
1402213857.5,1402213858.0,1.24317e-10,1402213857.7455444,32.0,896.0,229.61107,5.946586,0.17884691
1402213959.5,1402213960.125,1.24317e-10,1402213959.7207642,32.0,384.0,151.90729,3.6128316,0.38510814
1402214173.625,1402214174.0,1.24317e-10,1402214173.7263794,32.0,192.0,77.55893,3.3133986,0.8956648
1402213555.3125,1402213555.5,1.24317e-10,1402213555.375824,320.0,1152.0,763.19995,2.1908476,2.6519203
1402213763.5,1402213763.625,1.24317e-10,1402213763.5421143,384.0,1216.0,790.3577,0.9817477,1.5916312
1402248240.5,1402248241.625,1.24317e-10,1402248240.8833008,32.0,448.0,70.89087,1.7916895,1.2309594
1402248445.625,1402248446.375,1.24317e-10,1402248445.9272156,32.0,1664.0,821.74927,1.7889625,0.46341488
1402248549.4375,1402248549.875,1.24317e-10,1402248549.6339722,32.0,1408.0,318.724,4.1724277,1.4244412
1402248642.125,1402248642.75,1.24317e-10,1402248642.4611206,16.0,192.0,65.92131,3.9760783,1.8020179
1402248838.0,1402248838.75,1.24317e-10,1402248838.3579102,24.0,88.0,69.958336,3.4033923,2.9114454
1402248944.625,1402248945.25,1.24317e-10,1402248944.9186401,320.0,480.0,423.08862,2.1598449,2.219516
1402248031.453125,1402248031.53125,1.24317e-10,1402248031.4902382,640.0,2040.0,1589.8518,0.3436117,1.3395748
1402248337.84375,1402248337.90625,2.48634e-10,1402248337.8593445,32.0,192.0,110.74434,4.884195,2.0469153
1402249041.96875,1402249042.0625,1.24317e-10,1402249041.9942627,32.0,384.0,136.96925,4.429646,0.6492301
1402249145.953125,1402249146.03125,1.24317e-10,1402249145.9681396,64.0,384.0,232.21793,2.0027654,0.51601636
1402461755.25,1402461756.25,1.24317e-10,1402461755.411377,32.0,384.0,160.39456,0.5890486,1.6751524
1402462059.75,1402462060.125,1.24317e-10,1402462059.8483887,16.0,192.0,71.325874,3.8042724,1.612475
1402462165.5,1402462165.875,1.24317e-10,1402462165.6396484,32.0,896.0,287.49768,2.7750735,0.38510814
1402462272.25,1402462273.125,1.24317e-10,1402462272.6676636,32.0,384.0,157.59212,5.851217,0.51601636
1402462377.0,1402462377.5,1.24317e-10,1402462377.284546,16.0,384.0,136.2363,2.9452434,2.8341978
1402462476.25,1402462476.75,1.24317e-10,1402462476.324524,32.0,192.0,79.8574,2.3561945,2.7564845
1402462774.5,1402462774.875,1.24317e-10,1402462774.6695557,320.0,1408.0,784.3267,3.8779035,0.4111379
1402461651.3125,1402461651.5625,1.24317e-10,1402461651.4685516,896.0,1664.0,1275.5311,6.211786,2.8599925
1402461949.5625,1402461950.375,1.24317e-10,1402461949.9361572,192.0,960.0,648.52155,2.580594,2.962746
1402443676.625,1402443677.0,1.24317e-10,1402443676.8007889,16.0,384.0,137.9847,0.5890486,2.0705013
1402444385.5,1402444386.375,1.24317e-10,1402444385.874939,32.0,1152.0,601.24176,5.950902,0.67621374
1402444480.875,1402444481.25,1.24317e-10,1402444481.0446167,32.0,192.0,75.23542,3.1162574,0.8132037
1402444682.25,1402444682.4375,1.24317e-10,1402444682.3416748,48.0,704.0,235.17245,2.012583,1.1179798
1402418468.625,1402418468.875,1.24317e-10,1402418468.6864166,16.0,192.0,78.97064,1.8601537,0.48967242
1402418560.875,1402418561.375,1.24317e-10,1402418561.0794067,32.0,384.0,164.025,0.883573,1.7594128
1402418851.5,1402418851.875,1.24317e-10,1402418851.689331,64.0,384.0,240.48944,4.025166,1.7594128
1402419060.375,1402419061.25,1.24317e-10,1402419060.7329102,32.0,1408.0,337.6682,0.2945243,1.3395748
1402419485.734375,1402419486.0,1.24317e-10,1402419485.8041992,208.0,288.0,236.9538,0.3926991,2.219516
1402418654.4042969,1402418654.46875,1.24317e-10,1402418654.4125977,1056.0,1472.0,1291.1854,0.46633017,2.193623
1402419258.0,1402419258.28125,1.24317e-10,1402419258.2194214,32.0,640.0,206.0878,1.876229,0.46341488
1402215794.25,1402215795.0,1.24317e-10,1402215794.5422058,128.0,384.0,232.81248,0.031415924,2.4923625
1402215893.75,1402215894.125,1.24317e-10,1402215893.9464722,896.0,1664.0,1284.1582,3.779729,1.633337
1402216001.8125,1402216002.5,1.24317e-10,1402216002.0551453,320.0,480.0,426.5543,0.22089325,1.4873664
1402216109.375,1402216110.75,1.24317e-10,1402216109.9433594,32.0,192.0,70.28742,2.1598449,1.845055
1402216320.625,1402216321.75,1.24317e-10,1402216321.1050415,32.0,1728.0,822.78577,3.5588355,1.5707964
1402216422.375,1402216423.0,8.7021806e-10,1402216422.5751343,24.0,192.0,68.93253,2.8395166,2.808351
1402216731.875,1402216732.125,1.24317e-10,1402216731.96521,32.0,192.0,72.62306,2.9943304,2.219516
1402216215.375,1402216215.5625,1.24317e-10,1402216215.4695435,64.0,448.0,192.89737,2.3561945,2.4382668
1402250415.0,1402250415.5,1.24317e-10,1402250415.2238503,16.0,192.0,76.84104,1.202641,2.0469153
1402250626.4375,1402250626.875,1.24317e-10,1402250626.6421204,32.0,704.0,228.7156,3.4361172,1.0710913
1402250938.5,1402250939.25,1.24317e-10,1402250938.880188,320.0,704.0,424.73083,4.0497093,1.6542263
1402251250.125,1402251250.875,1.24317e-10,1402251250.3690796,320.0,640.0,425.13116,0.8099419,1.7382444
1402251047.1875,1402251047.375,1.24317e-10,1402251047.2724,128.0,384.0,237.06883,1.4480779,1.3609258
1402358432.75,1402358433.25,1.24317e-10,1402358432.825718,16.0,224.0,68.84704,1.7426022,1.4454684
1402358627.625,1402358628.0,1.24317e-10,1402358627.7638092,64.0,640.0,240.92369,4.246059,1.3181162
1402358726.75,1402358727.25,1.24317e-10,1402358726.8702393,32.0,192.0,70.98623,4.957826,1.4664403
1402358836.25,1402358836.625,1.24317e-10,1402358836.2857056,16.0,192.0,64.01093,0.46633017,1.4454684
1402358929.25,1402358930.375,1.24317e-10,1402358929.7642822,896.0,1856.0,1347.5522,3.681554,0.92207664
1402359224.5625,1402359225.0,1.24317e-10,1402359224.689087,32.0,384.0,150.37993,4.712389,2.023613
1402359441.625,1402359442.3125,1.24317e-10,1402359441.909546,320.0,640.0,425.67834,2.050762,2.6781778
1402359537.375,1402359537.625,1.24317e-10,1402359537.4537354,16.0,192.0,66.176315,3.3379421,2.8341978
1402359129.78125,1402359129.84375,1.24317e-10,1402359129.808899,1152.0,1984.0,1578.4747,1.4971652,1.3609258
1402359333.6953125,1402359333.7109375,8.7021806e-10,1402359333.7010498,384.0,1152.0,762.63586,0.883573,1.4664403
1402203873.25,1402203873.75,1.24317e-10,1402203873.4535828,16.0,896.0,238.88292,0.90811664,1.4873664
1402204063.0,1402204063.5,1.24317e-10,1402204063.164093,32.0,448.0,165.66269,4.893635,2.808351
1402204466.375,1402204467.125,1.24317e-10,1402204466.7373047,16.0,384.0,91.6538,0.87779796,2.7043543
1402204568.5,1402204569.25,1.24317e-10,1402204568.8157349,32.0,448.0,152.73898,5.497787,0.9733899
1402204661.875,1402204662.5,1.24317e-10,1402204662.1542969,224.0,640.0,424.29114,1.1044662,1.2748276
1402203672.015625,1402203672.1875,1.6161199e-09,1402203672.072586,64.0,448.0,227.14575,2.0862138,1.5707964
1402203968.75,1402203968.9375,1.24317e-10,1402203968.7957764,32.0,640.0,251.64342,4.9087386,2.219516
1402204364.5,1402204364.59375,1.24317e-10,1402204364.5292358,896.0,2032.0,1638.327,5.926186,0.28160024
1402204269.234375,1402204269.28125,1.24317e-10,1402204269.2542114,1088.0,2016.0,1595.2659,6.1604667,1.0471976
1402305697.5,1402305698.25,1.24317e-10,1402305697.871193,128.0,640.0,425.5049,4.1233406,1.845055
1402305788.375,1402305789.0,1.24317e-10,1402305788.5033264,64.0,384.0,234.3321,2.206595,2.5991404
1402305891.75,1402305892.375,1.24317e-10,1402305891.9223328,16.0,896.0,231.4265,5.7923117,2.9371123
1402306190.5,1402306191.125,1.24317e-10,1402306190.866394,32.0,192.0,70.784065,4.147884,1.6542263
1402306512.5,1402306513.125,1.24317e-10,1402306512.637329,32.0,896.0,318.45294,4.1724277,1.4664403
1402306289.09375,1402306289.25,6.21584e-10,1402306289.138916,16.0,192.0,83.710846,0.17180584,1.4873664
1402306721.9375,1402306722.1875,1.24317e-10,1402306722.0793457,64.0,224.0,138.12265,3.607923,1.7382444
1402306387.09375,1402306387.15625,2.48634e-10,1402306387.1091309,64.0,640.0,291.71603,4.6142144,2.0705013
1402306619.5,1402306620.875,1.24317e-10,1402306620.0717773,896.0,1920.0,1345.7589,1.9770368,0.7579643
1402437767.5,1402437768.0,1.24317e-10,1402437767.7822266,32.0,896.0,263.6034,4.344234,1.0946773
1402437860.0,1402437860.375,1.24317e-10,1402437860.1535645,16.0,192.0,69.92989,1.2271847,1.2529727
1402438161.75,1402438162.125,1.24317e-10,1402438161.8323364,64.0,384.0,167.34348,6.2457857,0.5424523
1402438254.1875,1402438254.875,1.24317e-10,1402438254.4700317,32.0,992.0,656.7887,6.1709857,0.5424523
1402438363.75,1402438364.375,1.24317e-10,1402438363.9417114,128.0,384.0,237.88695,3.5478332,0.7579643
1402438459.625,1402438460.125,1.24317e-10,1402438459.8013916,128.0,384.0,234.2851,5.3505254,1.5082557
1402438058.5,1402438059.25,1.24317e-10,1402438058.8061523,56.0,992.0,624.7004,1.6198838,1.7594128
1402438551.5,1402438552.5,1.24317e-10,1402438551.899414,1088.0,1856.0,1346.1533,5.1186295,2.3836286
1402374488.0,1402374488.375,1.24317e-10,1402374488.118103,32.0,1216.0,318.67694,3.607923,1.6542263
1402374704.375,1402374705.125,1.24317e-10,1402374704.74646,16.0,384.0,81.16264,5.407164,0.67621374
1402374025.765625,1402374025.796875,2.48634e-10,1402374025.772297,640.0,2032.0,1536.0991,1.6444275,1.0471976
1402374121.2890625,1402374121.75,1.24317e-10,1402374121.47464,32.0,992.0,679.4533,0.7853982,1.633337
1402374213.4609375,1402374213.5,1.24317e-10,1402374213.481903,384.0,1152.0,816.1351,3.5588355,0.8956648
1402374594.546875,1402374595.25,1.24317e-10,1402374594.7679443,32.0,1152.0,604.8325,1.7180586,1.1179798
1402272127.75,1402272128.5,1.24317e-10,1402272128.0738373,128.0,704.0,240.51292,3.85336,0.8956648
1402272311.4375,1402272311.75,1.24317e-10,1402272311.5379944,896.0,1664.0,1277.9686,0.36815542,1.5707964
1402272614.875,1402272615.75,1.24317e-10,1402272615.328308,16.0,144.0,69.767,1.709396,0.43723843
1402272707.875,1402272708.5,1.24317e-10,1402272708.0515747,96.0,384.0,232.16302,5.129632,1.612475
1402272902.75,1402272903.5,1.24317e-10,1402272903.067871,128.0,640.0,424.87048,6.1261063,2.7564845
1402273012.375,1402273012.75,1.24317e-10,1402273012.4365234,128.0,384.0,236.74963,2.9905548,2.4653792
1402272807.0625,1402272807.5,1.24317e-10,1402272807.2351074,128.0,1056.0,688.1751,0.12271846,2.143215
1402414811.0,1402414811.625,1.24317e-10,1402414811.1381817,896.0,1664.0,1282.4806,5.4487,1.0710913
1402415261.34375,1402415261.875,1.24317e-10,1402415261.5459595,32.0,960.0,629.72235,5.8119464,0.38510814
1402415360.28125,1402415361.375,1.24317e-10,1402415360.7352295,1056.0,2044.0,1700.3853,0.5399612,2.1186233
1402415467.875,1402415468.625,6.21584e-10,1402415468.163147,16.0,640.0,111.71668,5.718681,1.1410209
1402415573.875,1402415574.5,1.24317e-10,1402415574.0900269,128.0,384.0,236.99213,4.565127,1.633337
1402415768.5,1402415769.625,1.24317e-10,1402415769.0825806,896.0,1664.0,1360.0034,4.884195,1.4873664
1402414917.0625,1402414917.3125,1.24317e-10,1402414917.115097,16.0,384.0,100.70047,4.540583,2.0469153
1402415023.25,1402415023.5,1.24317e-10,1402415023.2951355,32.0,640.0,244.97772,5.959786,0.43723843
1402261358.5,1402261358.875,1.24317e-10,1402261358.7055054,16.0,192.0,79.79991,2.4543693,0.6223685
1402261565.125,1402261565.625,6.21584e-10,1402261565.3977356,64.0,240.0,161.80617,0.957204,1.2748276
1402261872.875,1402261873.25,1.24317e-10,1402261873.0256958,32.0,192.0,70.87423,6.0132046,0.9479698
1402261970.75,1402261971.375,1.24317e-10,1402261970.9639282,64.0,448.0,234.34058,1.767146,1.5499616
1402262075.5,1402262076.25,6.21584e-10,1402262075.7276611,1184.0,1504.0,1340.947,4.000622,1.780667
1402262176.75,1402262177.5,1.24317e-10,1402262177.081604,128.0,384.0,235.18689,4.3196898,1.88862
1402262395.75,1402262396.125,1.24317e-10,1402262395.8586426,32.0,384.0,141.14056,6.2095547,1.2748276
1402261252.046875,1402261252.09375,1.24317e-10,1402261252.0545883,64.0,384.0,238.43044,1.4971652,1.2309594
1402261672.953125,1402261673.0,6.21584e-10,1402261672.9704285,384.0,1408.0,795.9862,2.3055236,0.8132037
1402261464.875,1402261465.75,1.24317e-10,1402261465.270172,32.0,992.0,599.76434,3.4115732,1.6542263
1402257733.125,1402257733.875,1.24317e-10,1402257733.3485565,16.0,192.0,76.812996,2.9603472,2.808351
1402257832.125,1402257833.0,1.24317e-10,1402257832.4641418,320.0,640.0,425.29837,4.957826,2.0705013
1402257928.5,1402257929.125,1.24317e-10,1402257928.8079224,32.0,384.0,146.24814,4.1233406,1.7594128
1402258020.625,1402258021.75,1.24317e-10,1402258021.125122,896.0,1920.0,1342.1613,2.1107576,1.8020179
1402258128.625,1402258129.375,1.24317e-10,1402258128.9313354,64.0,448.0,236.70477,2.2334762,2.143215
1402258432.75,1402258433.40625,1.24317e-10,1402258433.0557861,320.0,1472.0,855.8156,5.995206,0.785505
1402258648.3125,1402258648.625,1.24317e-10,1402258648.3951416,64.0,224.0,145.95242,4.221515,1.88862
1402258542.5625,1402258542.6875,1.24317e-10,1402258542.6126099,320.0,1408.0,792.979,0.24543692,1.7594128
1402354857.875,1402354858.625,7.45901e-10,1402354858.2048416,56.0,88.0,70.02759,2.2907448,0.30739504
1402354957.375,1402354957.875,1.24317e-10,1402354957.4689484,16.0,384.0,135.36479,2.6602197,2.328389
1402355064.6875,1402355065.5,1.24317e-10,1402355065.0480042,1408.0,2044.0,1798.3257,0.22089325,1.4454684
1402355278.0,1402355278.875,1.24317e-10,1402355278.4032593,32.0,384.0,151.71722,2.8716123,2.245928
1402355377.5,1402355378.125,1.24317e-10,1402355377.6535034,16.0,384.0,80.084435,4.9332824,1.6542263
1402355474.625,1402355475.25,1.24317e-10,1402355474.8014526,16.0,192.0,78.38285,2.7208438,2.4110188
1402355680.0,1402355680.625,1.24317e-10,1402355680.2242432,16.0,384.0,79.579445,1.1780972,1.2965378
1402355887.1171875,1402355887.625,6.21584e-10,1402355887.340088,32.0,384.0,165.08917,2.1353014,1.4873664
1402314278.625,1402314279.0,7.45901e-10,1402314278.69812,64.0,384.0,165.80788,5.3750687,1.0471976
1402314664.0,1402314664.625,1.24317e-10,1402314664.171753,32.0,960.0,251.23642,4.8596516,1.9328191
1402314998.125,1402314998.875,1.24317e-10,1402314998.3686523,128.0,640.0,423.42657,1.6198838,1.5499616
1402315093.625,1402315094.0,1.24317e-10,1402315093.7369385,32.0,192.0,75.18473,2.4216444,0.30739504
1402314871.1875,1402314871.28125,6.21584e-10,1402314871.2210693,32.0,640.0,198.21648,5.497787,1.2087735
1402287751.25,1402287751.625,1.24317e-10,1402287751.2915344,32.0,192.0,78.03368,5.6941366,2.6255763
1402288373.5,1402288373.875,1.24317e-10,1402288373.644043,192.0,320.0,235.60062,5.105088,0.46341488
1402288465.875,1402288466.875,1.24317e-10,1402288466.0963135,32.0,896.0,244.1283,3.006179,2.3836286
1402288564.375,1402288565.0,1.24317e-10,1402288564.6099854,320.0,640.0,425.27524,0.36815542,1.7382444
1402288654.375,1402288655.5,1.24317e-10,1402288654.9487305,32.0,224.0,70.159546,3.607923,1.6542263
1402287859.578125,1402287859.71875,2.48634e-10,1402287859.6287231,640.0,2016.0,1512.1351,5.718681,1.1863996
1402288056.2597656,1402288057.5,1.24317e-10,1402288056.901764,896.0,1856.0,1345.592,2.763438,0.70332605
1402467020.5,1402467021.5,1.24317e-10,1402467020.9093018,32.0,1472.0,348.2251,1.202641,1.4454684
1402467123.375,1402467124.875,1.24317e-10,1402467124.003479,896.0,1984.0,1352.397,4.221515,1.5082557
1402467222.875,1402467223.375,1.24317e-10,1402467223.113037,320.0,1296.0,813.67706,2.0371265,1.1863996
1402466913.625,1402466913.8125,1.24317e-10,1402466913.6879272,1088.0,1664.0,1303.0347,2.012583,0.9733899
1402466507.84375,1402466507.96875,6.21584e-10,1402466507.8786697,32.0,384.0,142.63715,0.564505,1.9106333
1402466714.375,1402466715.375,1.24317e-10,1402466714.8311768,32.0,1152.0,602.8066,2.42449,2.5459704
1402225289.5,1402225289.875,1.24317e-10,1402225289.6956253,64.0,640.0,294.2761,0.638136,1.8020179
1402225386.625,1402225387.0,1.24317e-10,1402225386.6894073,576.0,960.0,757.55145,0.9162979,2.6781778
1402225496.875,1402225497.25,1.24317e-10,1402225496.9821167,32.0,192.0,76.46145,0.8099419,1.612475
1402225690.5,1402225691.5,1.24317e-10,1402225690.9945374,32.0,1216.0,599.26544,5.9150305,0.8956648
1402225790.375,1402225791.625,1.24317e-10,1402225790.9536133,896.0,1728.0,1346.0337,4.074253,0.92207664
1402225899.25,1402225899.5,1.24317e-10,1402225899.300537,16.0,384.0,103.741196,0.6135923,2.0469153
1402225994.375,1402225994.875,1.24317e-10,1402225994.5914307,32.0,896.0,241.9534,4.2706027,1.6751524
1402226086.625,1402226087.375,1.24317e-10,1402226086.9569702,64.0,1152.0,602.30396,3.755185,1.0471976
1402225589.25,1402225589.4375,1.24317e-10,1402225589.276245,320.0,1408.0,800.0107,2.5186908,0.7579643
1402226193.875,1402226194.0625,1.24317e-10,1402226193.935913,64.0,224.0,149.44876,1.12901,1.38218
1402226298.8125,1402226299.0,1.24317e-10,1402226298.8884277,32.0,640.0,238.44292,4.6878457,2.143215
1402501239.125,1402501239.5,1.24317e-10,1402501239.2718735,16.0,384.0,141.54144,3.9760783,1.8020179
1402502131.75,1402502132.375,1.24317e-10,1402502131.9394531,128.0,384.0,236.51958,1.6689711,1.2965378
1402502225.5,1402502226.1875,1.24317e-10,1402502225.8032227,64.0,640.0,424.60123,2.7734373,2.0469153
1402478436.0,1402478436.75,1.24317e-10,1402478436.3514671,64.0,384.0,231.80238,3.3870296,1.7171515
1402478536.625,1402478537.5,1.24317e-10,1402478536.9972076,16.0,192.0,68.05474,6.25177,2.4923625
1402478644.125,1402478644.625,1.24317e-10,1402478644.2896423,320.0,496.0,417.00827,5.424156,2.143215
1402478748.0,1402478748.5,1.24317e-10,1402478748.275116,16.0,896.0,218.9428,0.883573,1.3395748
1402478875.0,1402478875.25,1.24317e-10,1402478875.1078491,32.0,704.0,223.44328,1.77748,0.48967242
1402478972.125,1402478972.75,1.24317e-10,1402478972.3291016,32.0,896.0,251.40172,4.1724277,0.8686821
1402479169.75,1402479170.125,1.24317e-10,1402479169.8391724,32.0,192.0,79.8779,5.001746,2.6519203
1402479270.0,1402479270.625,1.24317e-10,1402479270.3634033,16.0,192.0,66.730934,3.1686754,0.7579643
1402479569.0,1402479569.5,1.24317e-10,1402479569.1794434,32.0,704.0,237.17476,0.3926991,1.3395748
1402371632.25,1402371632.75,1.24317e-10,1402371632.4794998,32.0,640.0,223.30049,3.7060978,1.4033483
1402371861.625,1402371862.375,1.24317e-10,1402371862.0079346,320.0,640.0,425.47794,3.288855,1.0710913
1402372055.6875,1402372056.0,7.45901e-10,1402372055.7969055,16.0,384.0,139.4345,2.4770253,2.808351
1402372265.1875,1402372265.75,1.24317e-10,1402372265.369812,352.0,1216.0,844.6728,2.1145337,0.33324155
1402372363.75,1402372365.125,1.24317e-10,1402372364.4920044,32.0,192.0,70.55926,3.4115732,1.7382444
1402372460.25,1402372460.625,1.24317e-10,1402372460.4074097,32.0,192.0,78.54008,0.6872234,1.5499616
1402372555.96875,1402372556.0625,1.36748e-09,1402372556.012085,896.0,1664.0,1289.3455,2.1107576,1.4664403
1402371768.09375,1402371768.140625,2.9836e-09,1402371768.111374,384.0,1152.0,788.6656,3.2070425,2.8341978
1402372663.9023438,1402372663.9375,2.48634e-10,1402372663.9139404,320.0,1152.0,760.05695,4.5896707,1.3609258
1402317932.25,1402317932.875,1.24317e-10,1402317932.4252014,16.0,384.0,77.22958,0.638136,1.5082557
1402318231.0,1402318231.625,2.2377e-09,1402318231.145935,16.0,384.0,74.87762,3.534292,1.7171515
1402318331.5,1402318332.375,1.24317e-10,1402318331.9331055,32.0,1552.0,812.1021,4.9332824,1.612475
1402318122.875,1402318123.0625,1.11885e-09,1402318122.9787598,64.0,448.0,198.25673,0.8099419,1.3181162
1402318434.125,1402318434.75,1.24317e-10,1402318434.499878,64.0,384.0,165.28168,0.21145338,2.4653792
1402303456.75,1402303457.75,6.21584e-10,1402303457.1368103,56.0,76.0,69.858315,2.206595,0.5424523
1402303686.25,1402303686.875,1.24317e-10,1402303686.6005554,32.0,896.0,246.24576,2.5978556,0.33324155
1402303778.0625,1402303778.5,1.24317e-10,1402303778.2288818,192.0,336.0,235.92563,1.7180586,0.8686821
1402303883.25,1402303884.875,1.24317e-10,1402303884.0324097,896.0,1728.0,1346.1227,3.6570103,1.7382444
1402303979.875,1402303980.375,1.24317e-10,1402303980.0076904,32.0,896.0,327.24783,1.5953401,0.99837774
1402304183.5,1402304184.25,1.24317e-10,1402304183.829834,32.0,1152.0,590.313,3.264311,0.8956648
1402304384.625,1402304385.0,1.24317e-10,1402304384.777588,128.0,384.0,233.58282,1.4971652,1.3181162
1402303556.2578125,1402303556.28125,2.3620201e-09,1402303556.2669983,64.0,448.0,237.86589,1.12901,1.2529727
1402357825.75,1402357826.25,6.21584e-10,1402357825.9239502,400.0,464.0,426.63434,3.7306414,1.4244412
1402358137.25,1402358138.25,1.24317e-10,1402358137.664978,896.0,1664.0,1344.3966,0.6872234,2.1682029
1402358028.625,1402358028.71875,2.48634e-10,1402358028.6655273,896.0,1728.0,1328.8402,3.3379421,1.7171515
1402220734.6875,1402220735.125,1.24317e-10,1402220734.8452454,128.0,384.0,235.96724,3.755185,1.0946773
1402221020.5,1402221021.375,1.24317e-10,1402221020.9089966,896.0,1664.0,1336.6793,3.3133986,1.7382444
1402221123.625,1402221124.125,1.36748e-09,1402221123.9402466,16.0,416.0,98.97159,3.0925052,2.730455
1402221221.625,1402221222.375,1.24317e-10,1402221221.8795166,128.0,704.0,235.4683,0.36815542,2.143215
1402221330.0,1402221330.25,1.24317e-10,1402221330.0897217,128.0,384.0,233.0637,6.2340984,0.4111379
1402221420.875,1402221421.5,1.24317e-10,1402221420.9936523,128.0,384.0,235.6811,3.2801924,0.43723843
1402220426.0507812,1402220426.0742188,1.24317e-09,1402220426.0590286,640.0,1984.0,1514.6608,5.3964453,2.328389
1402220926.5,1402220927.25,1.24317e-10,1402220926.7988892,128.0,1152.0,637.69543,3.534292,0.46341488
1402220526.625,1402220527.5,1.24317e-10,1402220526.9950714,1088.0,1664.0,1335.4733,4.9332824,1.6542263
1402240847.25,1402240848.0,1.24317e-10,1402240847.540638,64.0,448.0,240.76256,4.098797,1.4454684
1402240938.5625,1402240939.5,1.24317e-10,1402240938.9824982,32.0,1184.0,608.8522,1.4726217,1.3395748
1402241031.0,1402241031.625,6.21584e-10,1402241031.1872253,32.0,1408.0,307.44836,5.595962,1.1179798
1402241329.625,1402241330.375,1.24317e-10,1402241329.9958496,32.0,640.0,222.46248,3.4852045,0.8686821
1402241652.375,1402241652.625,1.24317e-10,1402241652.4263306,64.0,672.0,325.14026,2.4298258,2.0469153
1402241746.625,1402241747.25,1.24317e-10,1402241746.8115845,16.0,384.0,104.66145,0.16362463,2.5192242
1402241948.875,1402241949.125,1.24317e-10,1402241948.982666,32.0,704.0,231.86229,4.9087386,1.633337
1402241223.25,1402241223.375,1.24317e-10,1402241223.294983,1056.0,1664.0,1288.6842,1.6689711,1.6751524
1402241127.0,1402241127.875,6.21584e-10,1402241127.3649597,64.0,1120.0,682.36725,5.497787,1.2529727
1402241439.75,1402241440.125,1.24317e-10,1402241439.9060059,32.0,704.0,95.40349,3.0175824,2.6519203
1402474913.125,1402474913.75,1.24317e-10,1402474913.3392868,32.0,384.0,115.51779,1.4480779,1.3181162
1402475314.25,1402475314.875,1.6161199e-09,1402475314.59729,16.0,640.0,122.74539,5.203263,1.1179798
1402475617.0,1402475617.375,1.24317e-10,1402475617.0809326,32.0,960.0,344.83353,5.566083,2.5459704
1402474807.875,1402474808.125,6.21584e-10,1402474807.9628696,16.0,192.0,81.83667,2.3561945,2.0705013
1402475508.71875,1402475508.875,1.24317e-10,1402475508.7647705,896.0,2032.0,1619.4117,4.0497093,1.4454684
1402475110.625,1402475111.203125,2.48634e-10,1402475110.8791199,1440.0,2032.0,1796.4845,0.54977876,0.25585246
1402475820.8320312,1402475820.8398438,6.21584e-10,1402475820.8341064,1088.0,1984.0,1517.1975,5.262168,0.25585246
1402321477.375,1402321478.25,1.24317e-10,1402321477.8147583,128.0,640.0,424.35587,5.640587,0.28160024
1402321674.0,1402321674.375,1.24317e-10,1402321674.0704346,32.0,704.0,307.3158,5.105088,1.1638212
1402321776.375,1402321776.625,1.24317e-10,1402321776.4137573,32.0,192.0,79.46277,4.790929,2.88574
1402321869.75,1402321870.5,1.24317e-10,1402321870.1391602,32.0,1408.0,334.56235,1.3744467,1.7594128
1402322071.25,1402322071.875,1.24317e-10,1402322071.555603,64.0,448.0,236.13501,2.3864021,2.4653792
1402453537.375,1402453538.125,6.21584e-10,1402453537.6598816,32.0,96.0,70.54342,3.819891,0.56898564
1402454142.0,1402454142.625,1.24317e-10,1402454142.2531128,128.0,640.0,422.83112,4.899389,2.5991404
1402454348.875,1402454349.25,1.24317e-10,1402454348.9281006,64.0,384.0,233.32626,0.18957888,2.3836286
1402453232.125,1402453232.4375,2.48634e-09,1402453232.2936249,128.0,896.0,240.77501,1.0553788,1.5291177
1402453335.125,1402453335.5,1.24317e-10,1402453335.2856903,320.0,1216.0,842.9104,3.9515347,0.9479698
1402453950.28125,1402453950.34375,6.21584e-10,1402453950.301941,32.0,384.0,139.5244,3.3379421,2.8341978
1402454048.75,1402454049.5,1.24317e-10,1402454048.9892578,320.0,640.0,421.1225,0.24543692,1.38218
1402453856.25,1402453857.125,1.24317e-10,1402453856.6606445,1056.0,1664.0,1335.1385,0.3926991,2.1186233
1402237397.875,1402237398.75,1.24317e-10,1402237398.1652222,32.0,1600.0,829.5678,6.2340984,0.4111379
1402237499.875,1402237500.5,1.24317e-10,1402237500.0297852,16.0,384.0,102.293816,3.2486925,0.56898564
1402237794.5,1402237795.3125,1.24317e-10,1402237794.8449707,48.0,1504.0,882.3486,4.565127,1.5082557
1402238185.875,1402238187.0,1.24317e-10,1402238186.392395,1056.0,1664.0,1339.581,5.9777527,0.46341488
1402238281.875,1402238282.5,1.24317e-10,1402238282.1307373,64.0,448.0,242.50749,5.8168554,0.8410687
1402238094.5,1402238094.5625,2.48634e-10,1402238094.510376,32.0,192.0,101.45367,3.6324666,1.7171515
1402238384.9375,1402238385.5625,1.24317e-10,1402238385.1782227,304.0,640.0,419.83185,0.8590293,1.3181162
1402254309.125,1402254310.0,1.24317e-10,1402254309.5171814,1088.0,1664.0,1348.3275,2.2825634,2.193623
1402254399.625,1402254400.0,1.24317e-10,1402254399.7703552,128.0,416.0,243.8687,0.5890486,2.0705013
1402254590.25,1402254591.25,2.48634e-10,1402254590.7073975,32.0,192.0,70.04001,0.2945243,1.4244412
1402254681.25,1402254682.375,1.24317e-10,1402254681.8166504,896.0,1920.0,1355.5841,4.8351073,2.245928
1402254976.0,1402254977.375,1.24317e-10,1402254976.7229004,1040.0,1920.0,1346.4175,0.09817477,2.2729106
1402254213.9375,1402254214.125,1.24317e-10,1402254214.026535,384.0,2040.0,1537.376,2.9905548,2.4653792
1402255085.0625,1402255085.625,1.24317e-10,1402255085.210205,64.0,1152.0,651.1083,3.1041927,2.5991404
1402440009.625,1402440010.25,1.24317e-10,1402440009.8484325,320.0,640.0,426.46735,0.06544985,0.30739504
1402440522.625,1402440523.25,1.24317e-10,1402440522.7835083,320.0,640.0,426.9414,0.41724277,1.8234766
1402440624.25,1402440625.625,1.24317e-10,1402440624.857788,896.0,1856.0,1351.6287,0.9817477,1.633337
1402440927.75,1402440928.375,1.24317e-10,1402440927.9726562,320.0,640.0,425.44583,4.1724277,1.7594128
1402441020.625,1402441021.25,1.24317e-10,1402441020.8063965,320.0,480.0,421.88293,6.1359234,1.0229695
1402440211.75,1402440211.9375,1.24317e-10,1402440211.8386078,32.0,384.0,114.584274,6.086836,0.30739504
