1402302026.0,1402302026.375,1.11885e-09,1402302026.132492,16.0,480.0,108.32711,6.0132046,0.8410687
1402302116.125,1402302116.5,1.24317e-10,1402302116.1840973,320.0,960.0,721.6597,3.288855,0.9733899
1402302335.625,1402302336.375,1.24317e-10,1402302335.94104,32.0,192.0,80.87507,1.3744467,2.219516
1402302620.125,1402302620.75,1.24317e-10,1402302620.309082,32.0,384.0,150.99129,3.9760783,1.3395748
1402302923.25,1402302924.5,1.24317e-10,1402302923.680603,704.0,1728.0,1356.5009,6.211786,2.8599925
1402303030.75,1402303031.25,1.24317e-10,1402303031.000122,32.0,384.0,160.34137,4.098797,1.2309594
1402303137.0,1402303137.875,1.24317e-10,1402303137.3153076,160.0,896.0,616.60333,5.424156,1.1410209
1402316764.75,1402316766.25,1.24317e-10,1402316765.4474487,896.0,1728.0,1349.0068,4.147884,1.4873664
1402316861.0,1402316861.875,1.24317e-10,1402316861.4414673,32.0,1728.0,602.99915,1.8898644,1.4033483
1402317278.375,1402317278.875,1.24317e-10,1402317278.5480347,896.0,1664.0,1298.5839,0.9817477,2.2729106
1402317370.5625,1402317370.875,1.24317e-10,1402317370.6651611,16.0,192.0,79.34629,6.252978,2.4653792
1402316476.5,1402316476.6875,2.48634e-10,1402316476.5727386,32.0,384.0,137.85777,2.3561945,2.4382668
1402317169.0,1402317169.125,1.24317e-10,1402317169.0282593,128.0,384.0,234.47379,6.1591754,0.48967242
1402316579.53125,1402316579.5625,1.24317e-10,1402316579.5411072,1088.0,1472.0,1289.461,0.7608545,1.5291177
1402317062.6445312,1402317063.625,3.7295e-10,1402317063.08313,832.0,2032.0,1767.8726,1.12901,1.2965378
1402503745.625,1402503746.0,1.24317e-10,1402503745.7211761,320.0,1408.0,812.1886,3.85336,1.3609258
1402503968.25,1402503968.75,1.36748e-09,1402503968.2888489,32.0,112.0,71.88485,0.2945243,2.023613
1402504076.5,1402504077.25,1.24317e-10,1402504076.8555603,320.0,1088.0,441.7143,5.4697375,0.7305738
1402504286.125,1402504287.125,1.24317e-10,1402504286.5563354,832.0,1664.0,1344.9208,1.6444275,0.8956648
1402504394.25,1402504395.25,1.24317e-10,1402504394.5835571,44.0,1664.0,826.2476,5.595962,0.20448022
1402504605.125,1402504605.625,1.24317e-10,1402504605.2277222,32.0,192.0,79.67512,2.8697243,0.67621374
1402504798.25,1402504799.75,1.24317e-10,1402504799.0062256,64.0,896.0,240.75348,2.9105933,2.7043543
1402503654.0625,1402503654.3125,1.24317e-10,1402503654.1859665,64.0,896.0,239.86948,2.1353014,0.8410687
1402503843.6875,1402503843.8125,1.24317e-10,1402503843.7300568,32.0,640.0,240.0344,2.3561945,0.33324155
1402504699.7773438,1402504699.9082031,1.36748e-09,1402504699.7861328,128.0,1408.0,235.87299,1.9880391,1.2748276
1402221780.875,1402221781.625,1.24317e-10,1402221781.1625366,16.0,384.0,105.36626,3.478192,2.962746
1402221891.0,1402221891.75,1.24317e-10,1402221891.331665,32.0,896.0,258.46548,1.5462526,1.612475
1402222095.25,1402222095.75,1.24317e-10,1402222095.4187317,32.0,384.0,162.68382,2.3561945,2.7564845
1402222198.125,1402222198.75,1.24317e-10,1402222198.244873,16.0,640.0,114.86341,4.0478215,0.33324155
1402222505.625,1402222506.25,1.24317e-10,1402222505.7700806,16.0,192.0,64.583984,1.4726217,1.0710913
1402222703.828125,1402222703.90625,1.24317e-10,1402222703.8572998,64.0,448.0,241.39174,2.0371265,0.8410687
1402399338.25,1402399338.875,1.36748e-09,1402399338.6096191,32.0,192.0,70.77972,2.0371265,1.3181162
1402399435.375,1402399436.25,1.24317e-10,1402399435.7715454,16.0,384.0,157.4557,2.7960174,0.6492301
1402399721.75,1402399722.375,1.24317e-10,1402399722.0183105,16.0,384.0,103.32593,5.3505254,0.9733899
1402399919.875,1402399920.5,1.24317e-10,1402399920.1140137,16.0,384.0,81.00781,6.1604667,0.8956648
1402399622.65625,1402399622.8125,1.24317e-10,1402399622.7063293,320.0,1216.0,776.7727,5.3668876,2.9883497
1402417479.5,1402417480.0039062,1.24317e-10,1402417479.7859192,128.0,1728.0,798.74817,1.9634954,2.4653792
1402417992.25,1402417993.0,1.24317e-10,1402417992.4835815,32.0,1408.0,327.61658,3.9760783,1.7171515
1402418211.75,1402418212.25,1.24317e-10,1402418211.9331665,16.0,640.0,199.63016,0.6135923,1.5291177
1402278043.375,1402278044.5,1.24317e-10,1402278043.8862,32.0,192.0,70.159645,5.3750687,0.99837774
1402278244.375,1402278245.0,1.24317e-10,1402278244.6945496,32.0,192.0,77.469574,2.1107576,1.4664403
1402278550.25,1402278550.5,1.24317e-10,1402278550.2930908,16.0,384.0,103.27486,1.7577959,0.5424523
1402278655.9375,1402278656.375,1.24317e-10,1402278656.0793457,208.0,288.0,235.14624,1.8898644,1.3609258
1402278838.375,1402278838.75,1.24317e-10,1402278838.53656,32.0,896.0,271.08844,1.767146,1.5499616
1402278350.5625,1402278350.6875,1.24317e-10,1402278350.5972595,320.0,1216.0,773.70776,5.2205877,0.43723843
1402279128.75,1402279130.125,1.24317e-10,1402279129.44104,992.0,1664.0,1345.0477,0.49087384,1.4244412
1402442919.46875,1402442920.0,1.24317e-10,1402442919.5620728,16.0,192.0,73.17735,0.33659923,0.17884691
1402443521.25,1402443521.625,1.24317e-10,1402443521.4708252,32.0,704.0,258.31903,5.7923117,2.9371123
1402442814.125,1402442814.25,1.24317e-10,1402442814.178772,32.0,384.0,235.27423,3.3379421,2.8341978
1402443219.875,1402443220.46875,1.24317e-10,1402443220.137146,320.0,1352.0,796.4078,5.522331,1.0471976
1402443420.21875,1402443420.375,1.24317e-10,1402443420.2703857,16.0,192.0,80.92782,1.9373156,0.38510814
1402472408.09375,1402472408.75,1.24317e-10,1402472408.356556,32.0,1152.0,620.37274,5.434955,0.6492301
1402472811.875,1402472812.75,1.24317e-10,1402472812.1410217,64.0,1520.0,862.7634,1.5953401,1.5707964
1402472903.875,1402472904.25,1.24317e-10,1402472903.9805298,16.0,192.0,78.79761,3.2397676,0.92207664
1402473248.875,1402473249.25,1.24317e-10,1402473249.0042725,32.0,384.0,105.704605,3.0679617,1.8667651
1402473443.25,1402473443.625,1.24317e-10,1402473443.3741455,64.0,448.0,247.32805,0.319068,1.4454684
1402473005.1875,1402473005.375,1.24317e-10,1402473005.2631226,16.0,448.0,180.5651,4.1233406,1.845055
1402473344.875,1402473345.625,1.24317e-10,1402473345.1329956,48.0,1152.0,616.9689,4.884195,1.7382444
1402255386.625,1402255387.0,6.21584e-10,1402255386.6993713,32.0,96.0,72.28626,1.6169963,2.7043543
1402255582.0,1402255582.75,1.24317e-10,1402255582.2894287,16.0,384.0,107.6594,0.7853982,2.7043543
1402255894.875,1402255895.125,1.24317e-10,1402255894.9285278,128.0,384.0,233.57767,5.3750687,0.9479698
1402256297.0,1402256298.375,1.24317e-10,1402256297.5081787,832.0,1760.0,1341.5903,2.3889194,2.5192242
1402255688.8125,1402255689.125,1.6161199e-09,1402255688.905548,576.0,896.0,731.46344,2.1353014,1.5707964
1402255490.5625,1402255490.609375,4.97267e-10,1402255490.5714417,1088.0,2016.0,1599.7645,1.739096,2.7824485
1402256093.71875,1402256093.75,2.2377e-09,1402256093.7268677,1152.0,1472.0,1307.3857,2.580594,2.962746
1402255789.5625,1402255790.0,1.36748e-09,1402255789.7356567,1152.0,1568.0,1377.7771,2.0862138,1.4033483
1402326049.1875,1402326049.75,1.24317e-10,1402326049.3358498,16.0,384.0,110.98833,6.021386,2.4382668
1402326157.8125,1402326158.375,1.24317e-10,1402326158.00148,32.0,1152.0,318.57843,0.957204,1.2748276
1402326455.1875,1402326455.5,1.24317e-10,1402326455.3293152,128.0,1408.0,780.6402,3.3772123,2.88574
1402326769.875,1402326770.625,1.24317e-10,1402326770.147644,32.0,1520.0,849.4199,1.9880391,1.9106333
1402327167.125,1402327167.75,1.24317e-10,1402327167.413086,16.0,640.0,142.21675,0.8590293,2.193623
1402326866.4375,1402326866.5,6.21584e-10,1402326866.4504395,128.0,384.0,235.22662,3.3379421,0.51601636
1402216912.75,1402216913.875,1.24317e-10,1402216913.149002,24.0,448.0,73.0626,3.3452146,0.70332605
1402217009.875,1402217010.625,1.24317e-10,1402217010.1341858,128.0,384.0,234.06105,6.1925626,2.4653792
1402217108.0,1402217108.5,1.24317e-10,1402217108.249878,64.0,448.0,233.58426,3.1939528,0.38510814
1402217539.375,1402217539.75,1.24317e-10,1402217539.499878,64.0,384.0,157.88422,4.000622,1.8234766
1402217632.625,1402217633.0,1.24317e-10,1402217632.784729,16.0,192.0,75.66654,0.83448553,1.38218
1402217735.125,1402217736.0,1.24317e-10,1402217735.5568237,1088.0,1504.0,1350.8104,1.6312116,0.33324155
1402217837.1875,1402217837.625,2.3620201e-09,1402217837.3669434,392.0,464.0,426.9145,1.9634954,1.38218
1402217944.5,1402217944.75,2.48634e-10,1402217944.5872803,32.0,192.0,77.06995,2.3561945,0.8132037
1402216814.375,1402216815.25,1.24317e-10,1402216814.7706947,1072.0,2032.0,1693.5421,0.883573,1.4244412
1402217439.0,1402217439.25,1.24317e-10,1402217439.076416,128.0,960.0,237.13362,0.24543692,2.2729106
1402217342.0625,1402217343.0,1.24317e-10,1402217342.444397,128.0,640.0,424.17822,0.24543692,1.4244412
1402306811.3125,1402306811.625,1.24317e-10,1402306811.397129,64.0,384.0,233.85104,1.0553788,1.7382444
1402307316.9375,1402307317.75,1.24317e-10,1402307317.2069702,32.0,992.0,605.0259,5.3505254,1.5082557
1402307510.25,1402307510.875,1.24317e-10,1402307510.6339722,16.0,192.0,67.32083,0.49087384,0.20448022
1402307608.375,1402307609.125,1.24317e-10,1402307608.727417,32.0,960.0,595.2977,0.564505,1.7382444
1402307799.0,1402307799.875,1.24317e-10,1402307799.3441162,64.0,448.0,233.69359,3.8042724,1.5291177
1402307896.3125,1402307896.625,1.24317e-10,1402307896.4013672,16.0,192.0,80.33989,0.883573,1.2965378
1402307410.3125,1402307410.375,1.24317e-10,1402307410.326294,320.0,1264.0,812.51776,1.739096,0.35914433
1402307703.625,1402307704.625,1.24317e-10,1402307704.0708008,384.0,1664.0,1345.7953,5.7159534,2.6781778
1402270934.0,1402270934.75,1.24317e-10,1402270934.355774,32.0,704.0,297.08057,3.6324666,1.38218
1402271134.875,1402271135.375,6.21584e-10,1402271135.0447998,392.0,440.0,419.0905,6.086836,0.9733899
1402271242.0,1402271242.5,1.24317e-10,1402271242.311554,16.0,320.0,88.40113,5.0693884,2.8599925
1402271748.125,1402271749.0,1.24317e-10,1402271748.492981,32.0,1664.0,819.8814,1.6935148,1.5707964
1402271842.5,1402271843.0,1.11885e-09,1402271842.783081,16.0,96.0,26.72897,5.105088,0.9733899
1402413659.0,1402413659.375,1.24317e-10,1402413659.136261,32.0,192.0,71.401535,3.6570103,1.2309594
1402413754.625,1402413755.375,1.24317e-10,1402413754.841568,32.0,1664.0,825.90845,5.325981,1.4454684
1402413947.625,1402413948.75,1.24317e-10,1402413948.175171,896.0,1664.0,1335.0026,4.393321,0.99837774
1402414055.0,1402414055.5625,1.24317e-10,1402414055.229248,320.0,640.0,424.83142,0.24543692,1.3395748
1402414162.5,1402414163.0,1.24317e-10,1402414162.6951904,128.0,416.0,244.96735,0.5399612,1.88862
1402414373.125,1402414373.625,1.24317e-10,1402414373.4638062,16.0,384.0,107.30429,2.012583,1.4664403
1402414570.0,1402414570.375,1.24317e-10,1402414570.1746826,32.0,192.0,70.899055,4.7860203,1.5707964
1402414770.75,1402414771.125,1.24317e-10,1402414770.9136963,128.0,384.0,236.14444,4.7614765,2.1682029
1402413852.59375,1402413852.75,2.2377e-09,1402413852.6382751,16.0,192.0,80.576294,4.638758,1.8234766
1402414272.4375,1402414272.5625,1.24317e-10,1402414272.456543,128.0,1408.0,785.9335,5.1541753,1.5082557
1402414669.0,1402414669.125,1.24317e-10,1402414669.0441895,128.0,384.0,233.97148,0.96389776,2.572607
1402304892.625,1402304893.25,1.24317e-10,1402304892.7790833,288.0,640.0,425.89984,2.9583333,0.785505
1402305001.375,1402305002.875,1.24317e-10,1402305002.258606,896.0,2046.0,1700.7145,4.1318774,0.59562236
1402305303.75,1402305304.75,1.24317e-10,1402305304.1728516,64.0,640.0,417.97006,5.286334,2.4653792
1402305407.625,1402305407.875,1.24317e-10,1402305407.7589111,64.0,384.0,152.33322,2.763438,2.4382668
1402305507.25,1402305507.875,1.24317e-10,1402305507.5687256,320.0,960.0,684.839,0.6135923,1.5707964
1402323921.625,1402323922.0,1.24317e-10,1402323921.777649,32.0,192.0,71.84388,6.2439156,0.51601636
1402324014.25,1402324015.0,1.24317e-10,1402324014.4985046,32.0,384.0,162.10152,3.4606607,1.5707964
1402324318.5,1402324318.875,1.24317e-10,1402324318.6030884,128.0,384.0,235.51894,1.8206959,0.56898564
1402324713.75,1402324714.125,1.24317e-10,1402324713.8962402,32.0,192.0,71.77598,0.5890486,1.38218
1402323725.625,1402323725.9375,1.11885e-09,1402323725.7831116,32.0,640.0,230.79414,0.30207622,0.33324155
1402324618.6875,1402324618.875,1.24317e-10,1402324618.7628174,128.0,1216.0,769.6923,2.977968,2.5192242
1402324119.875,1402324120.75,1.24317e-10,1402324120.1919556,32.0,976.0,603.4833,1.2653637,2.6781778
1402323620.96875,1402323622.125,1.24317e-10,1402323621.487793,1056.0,1664.0,1347.9039,3.755185,1.7382444
1402352569.125,1402352569.5,2.48634e-10,1402352569.2522125,16.0,192.0,75.87365,5.129632,1.2309594
1402352667.8125,1402352668.25,1.24317e-10,1402352667.9677124,16.0,384.0,81.27117,3.9008112,0.785505
1402352776.875,1402352777.25,1.24317e-10,1402352776.9866638,32.0,640.0,246.68005,4.025166,1.845055
1402352883.0625,1402352883.375,1.24317e-10,1402352883.2112122,16.0,640.0,211.80792,3.4033923,2.9114454
1402353079.125,1402353079.625,1.24317e-10,1402353079.2288818,32.0,192.0,70.61005,3.755185,1.4033483
1402353185.75,1402353186.25,1.24317e-10,1402353185.8568115,32.0,384.0,108.78829,3.265603,0.48967242
1402353590.625,1402353591.5,1.24317e-10,1402353591.0317383,32.0,1152.0,587.60364,6.105838,0.8132037
1402352979.6875,1402352979.9375,1.24317e-10,1402352979.8202515,896.0,1664.0,1292.1786,0.03926991,2.6255763
1402256602.375,1402256603.0,1.24317e-10,1402256602.573059,320.0,640.0,423.7928,3.6324666,1.1179798
1402256902.0,1402256903.0,1.24317e-10,1402256902.4396362,32.0,1152.0,601.0725,5.0069137,1.3395748
1402257001.625,1402257001.875,1.24317e-10,1402257001.7008667,32.0,192.0,78.36771,4.51604,1.2529727
1402257198.875,1402257199.5,1.24317e-10,1402257199.0616455,192.0,320.0,235.56119,1.8898644,1.6961243
1402257487.625,1402257488.375,1.24317e-10,1402257487.9387207,32.0,192.0,70.476074,3.534292,1.7594128
1402256710.25,1402256710.375,6.21584e-10,1402256710.2827759,32.0,192.0,101.08892,1.6362462,0.30739504
1402257591.375,1402257591.5625,1.24317e-10,1402257591.4383545,32.0,640.0,224.91458,6.2308254,0.38510814
1402450869.875,1402450870.5,4.97267e-10,1402450869.9699326,32.0,192.0,71.80226,1.12901,1.5499616
1402450970.375,1402450970.875,1.36748e-09,1402450970.558197,16.0,48.0,22.971579,4.9087386,1.633337
1402451275.5,1402451276.25,1.24317e-10,1402451275.75766,32.0,1152.0,606.1835,1.4726217,1.38218
1402451472.625,1402451473.5,1.24317e-10,1402451473.0482788,32.0,112.0,69.633644,6.22277,0.33324155
1402451575.25,1402451576.0,1.24317e-10,1402451575.6048584,64.0,640.0,421.13733,3.6979163,0.6223685
1402451982.5,1402451983.125,1.24317e-10,1402451982.8096924,16.0,192.0,77.44061,5.6660867,0.35914433
1402204028.75,1402204029.125,1.24317e-10,1402204028.901123,16.0,384.0,106.540924,0.83448553,1.6751524
1402204138.5,1402204139.125,1.24317e-10,1402204138.7176514,320.0,1408.0,868.92145,1.4235342,1.4244412
1402203936.84375,1402203936.9375,1.24317e-10,1402203936.8694153,32.0,384.0,111.95842,4.6878457,1.4873664
1402204242.59375,1402204242.65625,1.24317e-10,1402204242.6143188,32.0,640.0,262.11578,0.2699806,1.3609258
1402203645.3125,1402203646.125,1.24317e-10,1402203645.7132454,32.0,1152.0,629.87683,5.2278066,2.143215
1402315372.875,1402315374.125,1.24317e-10,1402315373.4753418,896.0,1728.0,1342.9098,0.9817477,2.023613
1402315678.875,1402315679.3125,1.24317e-10,1402315679.00766,128.0,384.0,235.23618,4.9332824,0.99837774
1402315865.75,1402315866.5,1.24317e-10,1402315866.1480713,16.0,960.0,253.25563,5.0693884,0.28160024
1402315956.25,1402315957.125,1.24317e-10,1402315956.6012573,128.0,640.0,424.493,5.3549876,0.28160024
1402316176.859375,1402316176.90625,6.21584e-10,1402316176.8747559,384.0,1152.0,770.75854,2.9603472,2.808351
1402315471.0625,1402315471.875,1.24317e-10,1402315471.3931274,32.0,1184.0,598.537,6.0622926,0.99837774
1402402953.75,1402402954.125,1.24317e-10,1402402953.9009857,128.0,384.0,235.0731,0.7117671,2.143215
1402403050.25,1402403050.625,1.24317e-10,1402403050.413025,128.0,384.0,234.52591,6.211786,0.28160024
1402403258.5,1402403259.25,1.24317e-10,1402403258.807953,320.0,640.0,424.14062,4.2706027,1.4664403
1402403355.875,1402403356.25,6.21584e-10,1402403355.9771729,16.0,384.0,90.42561,0.07853982,0.25585246
1402403456.875,1402403457.125,1.24317e-10,1402403456.9874268,896.0,1472.0,1276.8163,1.0799224,1.38218
1402403551.65625,1402403551.875,1.24317e-10,1402403551.7402954,16.0,384.0,101.66242,0.05609987,0.35914433
1402403849.8125,1402403849.9375,1.24317e-10,1402403849.8625488,32.0,384.0,137.44331,0.49087384,0.20448022
1402403751.5625,1402403752.375,1.24317e-10,1402403751.921936,1088.0,1664.0,1343.4027,2.7108905,2.328389
1402477201.875,1402477202.5,1.24317e-10,1402477202.1087189,128.0,2044.0,1515.8197,2.0027654,2.6255763
1402477605.625,1402477606.5,1.24317e-10,1402477606.0388489,16.0,896.0,252.04562,1.521709,1.88862
1402477812.125,1402477812.75,1.24317e-10,1402477812.3324585,32.0,384.0,162.37575,3.509748,0.8410687
1402478300.75,1402478301.125,1.24317e-10,1402478300.9431152,128.0,416.0,237.18079,5.105088,2.219516
1402477294.125,1402477294.375,1.24317e-10,1402477294.1558914,128.0,384.0,238.2842,4.6142144,1.7594128
1402477397.125,1402477397.4375,1.24317e-10,1402477397.2620087,32.0,384.0,105.08546,4.7778387,2.8341978
1402477912.8125,1402477913.0,6.21584e-10,1402477912.8589478,16.0,192.0,67.626884,0.2945243,1.3395748
1402478393.125,1402478393.25,1.24317e-10,1402478393.1607666,16.0,384.0,140.02553,4.6878457,1.8667651
1402477499.640625,1402477499.78125,1.24317e-10,1402477499.6628418,832.0,2032.0,1608.0709,3.755185,1.7382444
1402478210.203125,1402478210.28125,1.24317e-10,1402478210.2471924,384.0,1152.0,802.4245,6.211786,2.8599925
1402478105.125,1402478106.375,1.24317e-10,1402478105.6099854,864.0,1728.0,1353.7255,1.6689711,1.38218
1402464270.25,1402464271.0,1.24317e-10,1402464270.607605,56.0,1056.0,620.63855,3.5588355,1.0471976
1402464481.625,1402464482.625,1.24317e-10,1402464482.1627197,1056.0,1664.0,1343.1353,3.5573916,0.43723843
1402464694.125,1402464694.75,1.24317e-10,1402464694.2701416,16.0,384.0,103.27847,5.6450496,0.92207664
1402465191.875,1402465193.0,1.24317e-10,1402465192.3674316,32.0,192.0,70.23463,4.7728043,2.808351
1402464801.25,1402464801.4375,1.24317e-10,1402464801.3167725,128.0,384.0,233.9409,5.806336,0.7305738
1402262884.375,1402262884.75,1.24317e-10,1402262884.486023,64.0,896.0,230.93555,6.254097,2.4382668
1402262994.25,1402262995.0,1.24317e-10,1402262994.5315552,32.0,384.0,157.87767,4.884195,1.3609258
1402263199.0,1402263199.625,1.24317e-10,1402263199.194458,16.0,384.0,129.16565,0.11219974,0.17884691
1402511972.125,1402511972.5,1.24317e-10,1402511972.298523,32.0,192.0,70.69792,0.957204,1.3181162
1402239992.0,1402239992.25,1.24317e-10,1402239992.0447693,32.0,384.0,100.55568,5.1787195,1.3181162
1402240098.875,1402240099.25,1.24317e-10,1402240099.0248413,16.0,384.0,78.66999,4.884195,0.8956648
1402240304.25,1402240305.0,1.24317e-10,1402240304.5669556,32.0,1408.0,340.09714,4.9872785,2.6255763
1402240498.25,1402240498.875,1.24317e-10,1402240498.4394531,32.0,896.0,257.29047,1.8162333,1.5499616
1402239697.578125,1402239697.6875,1.24317e-10,1402239697.6234436,384.0,1216.0,781.39545,1.4480779,1.5291177
1402239792.125,1402239792.5,1.24317e-10,1402239792.258377,32.0,320.0,75.90316,4.638758,2.0943952
1402246886.375,1402246887.75,1.24317e-10,1402246886.9952621,32.0,448.0,70.3025,4.6633015,1.5082557
1402246996.125,1402246996.5,1.24317e-10,1402246996.2184753,128.0,384.0,234.51915,3.6770914,0.56898564
1402247898.875,1402247899.25,1.24317e-10,1402247898.9805908,32.0,384.0,157.94443,4.393321,1.6961243
1402247995.65625,1402247996.125,1.24317e-10,1402247995.8232422,64.0,1408.0,839.7848,4.8806887,2.7824485
1402247196.5625,1402247196.75,1.24317e-10,1402247196.599884,32.0,384.0,141.9548,1.7916895,0.8410687
1402247611.625,1402247611.8125,6.21584e-10,1402247611.7178955,128.0,384.0,236.21387,6.0622926,0.9479698
1402202712.75,1402202713.5,1.24317e-10,1402202713.0803223,32.0,896.0,248.47852,0.7027247,2.6519203
1402203433.828125,1402203434.25,1.24317e-10,1402203434.0065918,32.0,1152.0,625.84973,1.2828171,2.3560877
1402202919.90625,1402202920.0625,6.21584e-10,1402202919.9539795,16.0,240.0,81.422295,0.6108653,0.23014726
1402203229.390625,1402203229.4375,1.24317e-10,1402203229.4055176,1088.0,1472.0,1299.8004,4.147884,1.7382444
1402203119.0429688,1402203119.75,1.24317e-10,1402203119.4099731,320.0,1504.0,872.0547,4.5896707,1.612475
1402203324.0,1402203325.0,1.24317e-10,1402203324.4682617,896.0,1664.0,1346.5602,4.9087386,2.4110188
1402366302.875,1402366303.5,1.24317e-10,1402366303.000122,16.0,384.0,79.93845,5.135296,2.808351
1402366496.625,1402366497.125,1.24317e-10,1402366496.768921,16.0,384.0,81.92182,2.0371265,1.5291177
1402366605.75,1402366606.5,1.24317e-10,1402366606.1635132,128.0,640.0,423.92938,3.85336,0.99837774
1402365612.609375,1402365612.6328125,6.21584e-10,1402365612.6157417,896.0,2016.0,1626.0243,4.712389,1.9777715
1402365997.875,1402365998.375,1.24317e-10,1402365998.1138,32.0,384.0,166.50128,2.0853674,0.7579643
1402500000.0,1402500000.25,1.24317e-10,1402499999.9912415,32.0,96.0,70.471245,6.2340984,0.4111379
1402500102.125,1402500102.5,1.24317e-10,1402500102.2201157,32.0,1408.0,322.11865,1.3744467,1.8020179
1402500412.0,1402500412.875,1.24317e-10,1402500412.4032288,32.0,1152.0,607.7012,4.4424086,1.780667
1402500611.375,1402500612.375,1.24317e-10,1402500611.8431396,1088.0,2040.0,1703.6609,0.8590293,1.2748276
1402501053.375,1402501053.9375,1.24317e-10,1402501053.5716553,320.0,1520.0,882.8048,4.074253,1.8020179
1402500310.8125,1402500310.9375,6.21584e-10,1402500310.8711243,16.0,96.0,52.07923,1.6421963,0.28160024
1402500720.9375,1402500721.03125,6.21584e-10,1402500720.9622803,32.0,704.0,254.94243,0.09817477,2.1682029
1402500207.25,1402500208.125,1.24317e-10,1402500207.6515656,128.0,960.0,663.26685,6.047566,2.3560877
1402500513.5742188,1402500513.59375,6.21584e-10,1402500513.5786133,896.0,1984.0,1524.3214,3.7060978,1.5707964
1402288828.375,1402288828.875,1.24317e-10,1402288828.5555534,32.0,384.0,105.86028,1.8206959,0.56898564
1402288930.375,1402288930.75,1.24317e-10,1402288930.4637604,32.0,192.0,71.38118,5.031457,1.5291177
1402289037.75,1402289038.0,1.24317e-10,1402289037.8418121,32.0,640.0,287.3267,5.5468745,2.1682029
1402289143.125,1402289144.0,1.24317e-10,1402289143.495514,128.0,640.0,422.86356,4.074253,1.2087735
1402289237.875,1402289238.25,1.24317e-10,1402289238.0057068,32.0,384.0,105.03331,2.8470683,0.6223685
1402289330.125,1402289331.375,1.24317e-10,1402289330.6687012,896.0,1856.0,1343.6239,4.3196898,0.56898564
1402289437.625,1402289437.875,1.24317e-10,1402289437.739746,16.0,192.0,72.14007,0.93266034,1.2965378
1402289534.875,1402289535.25,1.24317e-10,1402289534.9632568,16.0,384.0,79.27684,0.24543692,2.1682029
1402289634.5,1402289635.125,1.24317e-10,1402289634.6662598,64.0,448.0,233.6788,3.2201324,2.88574
1402289830.5,1402289831.0,1.24317e-10,1402289830.7961426,32.0,448.0,162.7371,0.8099419,1.9551933
1402289730.0,1402289730.1875,1.24317e-10,1402289730.0945435,64.0,640.0,216.18707,3.583379,1.7171515
1402289932.5625,1402289932.6875,6.21584e-10,1402289932.5897217,32.0,384.0,137.40987,0.049087387,2.219516
1402296274.125,1402296274.375,1.6161199e-09,1402296274.2043457,16.0,48.0,24.064182,4.3687773,1.0710913
1402296797.1875,1402296797.625,1.24317e-10,1402296797.3725586,192.0,320.0,235.2106,5.7726765,2.6255763
1402297090.375,1402297091.125,1.24317e-10,1402297090.7337646,32.0,384.0,155.7974,2.3204947,2.572607
1402296147.71875,1402296147.875,1.24317e-10,1402296147.7746582,32.0,640.0,229.08083,2.6441739,2.3560877
1402296483.5,1402296483.5625,2.48634e-10,1402296483.5217285,64.0,640.0,261.04785,4.9087386,1.5916312
1402296993.875,1402296994.25,1.24317e-10,1402296994.034851,48.0,640.0,232.3163,2.0616703,1.2087735
1402486051.75,1402486052.75,1.24317e-10,1402486052.172638,24.0,104.0,69.686745,4.074253,1.8020179
1402486338.5,1402486339.0,1.24317e-10,1402486338.6344604,896.0,1664.0,1294.0634,1.6198838,2.730455
1402486440.75,1402486441.5625,1.24317e-10,1402486441.125183,128.0,640.0,422.428,3.9515347,1.4454684
1402486539.75,1402486540.625,1.24317e-10,1402486540.15979,32.0,1664.0,360.24792,0.98808163,2.328389
1402485661.84375,1402485661.90625,1.36748e-09,1402485661.8690643,1120.0,1472.0,1293.7427,2.1107576,0.9733899
1402485859.875,1402485859.921875,6.21584e-10,1402485859.8915405,384.0,1152.0,803.0727,3.3772123,2.88574
1402486237.1054688,1402486237.640625,1.24317e-10,1402486237.3946533,32.0,960.0,630.6195,0.41724277,1.4454684
1402486642.171875,1402486642.21875,6.21584e-10,1402486642.182251,896.0,2032.0,1656.3287,5.778287,0.35914433
1402285239.625,1402285240.25,1.11885e-09,1402285239.7056007,16.0,96.0,27.331406,4.344234,0.8410687
1402285456.375,1402285456.75,1.24317e-10,1402285456.493744,16.0,448.0,147.61539,2.9452434,2.023613
1402285661.0625,1402285661.625,1.24317e-10,1402285661.2855835,192.0,640.0,413.38666,6.1359234,1.0229695
1402285867.375,1402285867.75,1.24317e-10,1402285867.5239258,16.0,384.0,77.24943,3.4115732,1.6542263
1402285974.0,1402285974.1875,1.11885e-09,1402285974.0513306,16.0,192.0,70.57754,0.43633232,0.23014726
1402286078.5,1402286078.5625,1.24317e-10,1402286078.5310059,64.0,640.0,270.3526,4.764749,2.7564845
1402258804.3125,1402258804.625,1.24317e-10,1402258804.4135876,16.0,192.0,79.81658,2.9379709,2.4382668
1402259019.25,1402259020.125,1.24317e-10,1402259019.5895386,32.0,1152.0,594.8205,3.5499997,0.6492301
1402259115.75,1402259116.625,1.24317e-10,1402259116.1146545,32.0,1216.0,599.87115,2.25802,1.7594128
1402259435.625,1402259436.125,1.24317e-10,1402259435.8166504,16.0,192.0,75.87443,4.638758,2.0469153
1402259822.125,1402259822.375,6.21584e-10,1402259822.147461,16.0,192.0,78.251564,5.929756,2.6255763
1402259342.6875,1402259342.875,1.24317e-10,1402259342.760254,32.0,672.0,301.52756,0.3926991,0.15324302
1402259917.875,1402259918.125,1.24317e-10,1402259917.9580078,32.0,384.0,146.3564,5.497787,2.6519203
1402259619.140625,1402259619.1875,2.73497e-09,1402259619.1645508,16.0,384.0,151.26405,1.0553788,1.3181162
1402259527.25,1402259528.375,1.24317e-10,1402259527.7316284,32.0,1408.0,589.5974,5.2883477,0.38510814
1402480124.25,1402480124.875,1.24317e-10,1402480124.4754639,32.0,1152.0,619.7654,2.1353014,2.0469153
1402480440.75,1402480441.375,1.24317e-10,1402480441.0321655,32.0,896.0,236.5416,3.3133986,0.9479698
1402480548.0,1402480548.5,1.24317e-10,1402480548.0968018,32.0,192.0,70.90972,1.0799224,1.3395748
1402480648.25,1402480649.625,1.24317e-10,1402480648.7149658,32.0,1600.0,848.73596,2.0255008,2.6519203
1402370855.625,1402370856.0,6.21584e-10,1402370855.6940308,192.0,320.0,235.42184,5.424156,1.1410209
1402370956.25,1402370956.75,1.24317e-10,1402370956.397644,64.0,384.0,150.50244,4.893635,2.808351
1402371049.375,1402371050.125,1.24317e-10,1402371049.784607,128.0,384.0,235.77594,4.995133,2.4923625
1402371341.875,1402371342.25,1.24317e-10,1402371342.018982,16.0,384.0,79.48374,4.1724277,1.7594128
1402370752.4375,1402370752.625,7.45901e-10,1402370752.4871826,32.0,320.0,97.05499,1.9634954,1.6751524
1402370544.25,1402370544.625,1.24317e-10,1402370544.355194,16.0,608.0,100.7816,2.7488935,2.1186233
1402372866.25,1402372866.875,1.24317e-10,1402372866.522499,64.0,448.0,237.36494,2.0420353,0.12766427
1402372957.75,1402372958.125,1.24317e-10,1402372957.9147186,128.0,384.0,234.69675,0.3926991,1.38218
1402373053.625,1402373054.25,1.24317e-10,1402373053.8821716,96.0,960.0,608.9879,5.5468745,2.2729106
1402373148.75,1402373149.25,1.24317e-10,1402373148.982605,96.0,416.0,235.77867,0.11219974,0.17884691
1402373355.0,1402373355.5,1.24317e-10,1402373355.2404785,32.0,896.0,227.99136,5.3505254,1.0229695
1402373454.75,1402373455.25,1.24317e-10,1402373454.8582764,32.0,704.0,248.78967,5.031457,1.7382444
1402373580.25,1402373580.625,2.48634e-10,1402373580.3634644,128.0,448.0,244.01422,0.7117671,1.612475
1402373676.0,1402373676.625,1.24317e-10,1402373676.373108,64.0,384.0,232.90105,0.7117671,2.0943952
1402373970.875,1402373971.25,1.24317e-10,1402373971.029541,16.0,384.0,136.13498,1.12901,1.2965378
1402348993.75,1402348994.125,7.45901e-10,1402348993.9030304,16.0,192.0,64.4462,0.883573,1.5499616
1402349299.8125,1402349300.75,1.24317e-10,1402349300.2511597,32.0,448.0,70.230865,1.8941956,0.43723843
1402349395.875,1402349396.25,1.24317e-10,1402349396.012207,32.0,384.0,147.79137,3.100256,2.6519203
1402349489.8125,1402349490.375,1.24317e-10,1402349490.03302,188.0,1152.0,670.53564,4.638758,2.000572
1402349582.125,1402349582.625,1.24317e-10,1402349582.354004,32.0,384.0,143.91557,0.5399612,1.9328191
1402349781.5,1402349781.875,1.24317e-10,1402349781.6524048,16.0,192.0,63.437458,5.702674,0.59562236
1402349883.375,1402349883.875,1.24317e-10,1402349883.6375732,16.0,192.0,64.22587,1.0658976,2.7824485
1402348900.875,1402348901.0625,1.24317e-10,1402348900.9434662,64.0,448.0,246.29749,3.3624861,1.6961243
1402349203.25,1402349203.375,6.21584e-10,1402349203.2721558,32.0,192.0,75.76847,6.176086,2.572607
1402376491.75,1402376492.25,1.24317e-10,1402376491.9202118,16.0,384.0,135.37094,3.0175824,2.6519203
1402376897.125,1402376897.625,1.24317e-10,1402376897.3429565,32.0,1344.0,348.7186,6.1591754,0.48967242
1402377087.9375,1402377088.5,1.24317e-10,1402377088.1011963,32.0,384.0,149.97556,1.521709,1.2087735
1402377183.875,1402377184.125,1.24317e-10,1402377183.913025,16.0,384.0,101.29972,1.7180586,0.4111379
1402377367.875,1402377368.125,1.24317e-10,1402377367.9539185,64.0,448.0,242.03757,4.8578334,2.4382668
1402377472.25,1402377472.625,1.24317e-10,1402377472.3394775,128.0,384.0,239.2871,5.7432246,0.9733899
1402377276.1875,1402377276.375,1.11885e-09,1402377276.2393188,16.0,192.0,66.15142,0.3436117,1.4244412
1402376990.953125,1402376991.0625,1.24317e-10,1402376990.9976807,640.0,2032.0,1566.0392,2.5409942,2.7043543
1402376785.125,1402376785.875,1.24317e-10,1402376785.5185852,1184.0,2040.0,1798.8217,1.8653207,1.9777715
1402452497.4375,1402452497.75,1.24317e-10,1402452497.5688782,32.0,896.0,254.3176,3.85336,1.0471976
1402452712.75,1402452713.125,1.24317e-10,1402452712.9343872,32.0,384.0,233.9286,0.83448553,1.5916312
1402452809.875,1402452810.625,1.24317e-10,1402452810.152893,32.0,1152.0,599.37494,3.5197475,0.70332605
1402452913.1875,1402452913.5,1.24317e-10,1402452913.2753906,16.0,192.0,66.92501,0.638136,1.4244412
1402453004.25,1402453005.0,1.24317e-10,1402453004.4992676,32.0,1408.0,347.1367,0.61709857,2.7824485
1402452194.9375,1402452195.125,1.24317e-10,1402452194.9821167,64.0,448.0,240.75179,1.521709,1.38218
1402452303.1875,1402452303.25,1.24317e-10,1402452303.199768,384.0,1216.0,794.25146,2.664744,2.4110188
1402320086.375,1402320087.75,1.24317e-10,1402320087.0473175,896.0,1728.0,1342.5652,4.6142144,1.2529727
1402320568.875,1402320569.125,1.24317e-10,1402320568.9337769,32.0,448.0,74.323,0.17180584,1.4454684
1402320673.125,1402320673.625,1.24317e-10,1402320673.4121094,32.0,384.0,150.42645,3.9024472,1.4033483
1402320782.125,1402320782.75,1.24317e-10,1402320782.3718872,16.0,320.0,78.87277,4.8596516,1.8020179
1402320882.875,1402320883.625,1.24317e-10,1402320883.1746826,16.0,896.0,243.02031,2.2334762,2.245928
1402321174.0,1402321174.375,6.21584e-10,1402321174.1235352,32.0,192.0,71.36467,2.1353014,2.143215
1402320272.25,1402320272.875,1.24317e-10,1402320272.4704895,192.0,480.0,414.6149,4.0497093,1.6542263
1402441289.5,1402441289.875,6.21584e-10,1402441289.6197586,16.0,48.0,23.116636,1.0062915,1.3609258
1402441683.75,1402441684.125,1.24317e-10,1402441683.9692688,32.0,640.0,211.8591,2.843683,0.7579643
1402441899.5,1402441900.25,1.24317e-10,1402441899.8170776,304.0,640.0,424.25458,1.4726217,1.1179798
1402442093.5,1402442094.25,1.24317e-10,1402442093.8184814,32.0,1408.0,359.57895,0.43633232,0.23014726
1402442192.25,1402442192.75,1.24317e-10,1402442192.4423218,320.0,640.0,423.5984,4.995133,2.4923625
1402467743.125,1402467744.125,1.24317e-10,1402467743.6006622,32.0,1216.0,612.0443,1.8898644,1.9551933
1402468054.0,1402468054.375,1.24317e-10,1402468054.234314,128.0,384.0,236.87944,4.043346,0.70332605
1402468162.0,1402468162.875,1.24317e-10,1402468162.3703003,32.0,1664.0,345.3525,0.87779796,2.7043543
1402468597.625,1402468598.3125,1.24317e-10,1402468597.9787598,64.0,1472.0,840.95795,3.2926307,0.67621374
1402468692.5,1402468692.875,1.24317e-10,1402468692.6239014,208.0,288.0,235.68513,4.9087386,2.4110188
1402468396.65625,1402468397.125,1.24317e-10,1402468396.8634033,320.0,1408.0,864.3707,5.595962,1.0710913
1402467840.984375,1402467841.015625,1.24317e-10,1402467840.9982452,1088.0,1984.0,1587.9445,3.3870296,1.5499616
1402468263.1484375,1402468263.171875,2.48634e-09,1402468263.157837,64.0,384.0,220.61118,0.3926991,1.4244412
1402468886.875,1402468887.375,1.24317e-10,1402468887.1290588,16.0,192.0,63.04036,6.086836,1.1179798
1402469310.25,1402469310.625,1.24317e-10,1402469310.3568726,32.0,192.0,78.51305,1.7889625,0.46341488
1402469510.75,1402469512.0,1.24317e-10,1402469511.21875,1056.0,2044.0,1703.5833,0.883573,1.4244412
1402469712.875,1402469713.5,1.24317e-10,1402469713.0511475,128.0,384.0,233.82924,2.5978556,2.808351
1402469207.15625,1402469207.3125,1.24317e-10,1402469207.258728,1088.0,1664.0,1292.8912,4.3196898,0.25585246
1402469408.0,1402469408.0625,6.21584e-10,1402469408.0130005,64.0,384.0,235.44273,4.9087386,2.8341978
1402468994.75,1402468995.625,1.24317e-10,1402468995.1503754,320.0,960.0,429.6007,0.49087384,1.9777715
1402469922.125,1402469922.75,1.24317e-10,1402469922.4519043,320.0,960.0,715.25037,0.5609987,0.17884691
1402359615.5,1402359615.75,2.48634e-09,1402359615.569563,32.0,96.0,69.98368,1.5953401,1.612475
1402359709.125,1402359710.125,1.24317e-10,1402359709.5497437,32.0,192.0,70.101074,1.2271847,1.2529727
1402359804.25,1402359804.625,1.24317e-10,1402359804.3842316,208.0,288.0,235.1567,6.114886,0.35914433
1402359895.0,1402359895.25,1.24317e-10,1402359895.0879517,32.0,192.0,99.65468,3.3870296,1.7171515
1402359991.5,1402359991.875,1.24317e-10,1402359991.658722,32.0,384.0,113.63926,5.3996124,1.2965378
1402360086.5,1402360087.0,1.24317e-10,1402360086.569275,16.0,192.0,69.19149,5.8413987,2.730455
1402360397.875,1402360398.375,1.24317e-10,1402360397.9666138,128.0,384.0,235.17503,0.22089325,1.4873664
1402360594.375,1402360595.625,1.24317e-10,1402360594.923584,16.0,1728.0,813.1769,0.90811664,2.0943952
1402360694.0,1402360694.6875,1.24317e-10,1402360694.3634033,32.0,960.0,598.2025,3.0655863,0.8132037
1402352176.125,1402352176.875,1.24317e-10,1402352176.4517822,128.0,640.0,425.2577,1.6732396,2.5459704
1402351985.875,1402351986.375,2.3620201e-09,1402351986.0897217,1568.0,2040.0,1830.3751,3.6570103,1.5291177
1402352081.65625,1402352081.78125,1.24317e-10,1402352081.6707458,1056.0,1472.0,1261.3994,0.09424779,2.4923625
1402352373.8125,1402352374.375,1.24317e-10,1402352373.9921875,32.0,960.0,649.3983,0.9817477,1.2965378
1402353689.5,1402353690.125,1.36748e-09,1402353689.688919,16.0,384.0,98.836586,3.5478332,0.7579643
1402354232.125,1402354232.5,1.24317e-10,1402354232.277832,16.0,192.0,77.09446,0.40624043,2.3836286
1402354662.375,1402354663.0,1.24317e-10,1402354662.6220703,96.0,384.0,235.11092,5.017822,2.6781778
1402354342.5,1402354342.625,1.24317e-10,1402354342.5408325,16.0,192.0,81.96549,3.8833578,0.46341488
1402353889.09375,1402353889.15625,1.24317e-10,1402353889.104309,64.0,384.0,252.998,4.344234,1.9106333
1402353994.0,1402353994.09375,1.24317e-10,1402353994.0164185,32.0,640.0,265.85385,4.565127,1.38218
1402200597.125,1402200597.75,1.24317e-10,1402200597.340393,128.0,384.0,235.24261,5.0805445,1.8667651
1402200915.625,1402200916.375,1.24317e-10,1402200915.929016,16.0,384.0,82.81649,1.7988153,0.8132037
1402201019.5,1402201019.875,1.24317e-10,1402201019.6984863,576.0,896.0,713.61743,5.6723204,0.23014726
1402201125.5,1402201126.125,1.24317e-10,1402201125.7510986,64.0,384.0,161.77736,2.6998062,2.730455
1402200314.75,1402200314.9375,1.24317e-10,1402200314.8200073,1088.0,1664.0,1298.9581,4.2706027,1.633337
1402200405.46875,1402200405.59375,8.7021806e-10,1402200405.494873,32.0,384.0,148.93011,0.07139983,0.28160024
1402300846.9765625,1402300847.625,1.24317e-10,1402300847.1527596,56.0,1408.0,859.41437,0.49087384,2.023613
1402301047.375,1402301048.125,1.24317e-10,1402301047.7053223,32.0,96.0,69.90172,5.3505254,1.4664403
1402301331.875,1402301332.375,1.24317e-10,1402301332.2080688,64.0,640.0,238.03592,6.1359234,1.0229695
1402301429.375,1402301429.75,1.24317e-10,1402301429.5074463,32.0,704.0,324.98862,1.521709,1.0710913
1402301627.0625,1402301627.625,1.24317e-10,1402301627.2423706,16.0,384.0,79.59696,3.6570103,1.6961243
1402301144.3125,1402301144.4375,2.48634e-10,1402301144.3553772,32.0,896.0,316.95026,4.147884,1.4033483
1402301920.40625,1402301920.5,1.24317e-10,1402301920.435791,320.0,1152.0,747.25226,5.2278066,2.143215
1402243844.5,1402243845.25,1.24317e-10,1402243844.793518,64.0,384.0,235.12985,0.93266034,1.4664403
1402244042.6875,1402244043.125,1.24317e-10,1402244042.8469849,32.0,384.0,161.40453,5.1787195,1.7382444
1402244145.25,1402244146.0,1.24317e-10,1402244145.607788,32.0,96.0,69.725845,0.49087384,1.5499616
1402243319.6875,1402243319.8125,1.36748e-09,1402243319.7233887,16.0,192.0,70.89736,5.424156,2.245928
1402252805.5,1402252806.125,1.24317e-10,1402252805.8175144,16.0,448.0,146.18227,4.5896707,2.0469153
1402253399.125,1402253399.375,1.24317e-10,1402253399.211853,128.0,1248.0,776.1796,0.90811664,1.4454684
1402253494.5,1402253495.5,1.24317e-10,1402253494.9855347,32.0,1664.0,853.9568,1.0062915,1.4033483
1402253702.75,1402253703.875,1.24317e-10,1402253703.22229,896.0,1664.0,1355.727,2.9943304,0.4111379
1402253296.3125,1402253296.5,1.24317e-10,1402253296.389862,32.0,448.0,161.28691,4.2951465,0.8410687
1402253592.875,1402253593.875,1.24317e-10,1402253593.3328857,1088.0,1664.0,1353.9387,0.13541348,2.3836286
1402253003.0,1402253003.625,2.48634e-09,1402253003.2483673,320.0,640.0,420.4359,5.497787,1.2965378
1402404258.375,1402404259.0,1.24317e-10,1402404258.7276,16.0,384.0,136.94792,2.2089324,1.6751524
1402404936.125,1402404936.875,1.24317e-10,1402404936.461792,16.0,960.0,245.48735,3.583379,0.8686821
1402405038.5,1402405039.0,1.24317e-10,1402405038.5874023,32.0,192.0,74.80471,0.93266034,1.2965378
1402405136.625,1402405137.125,1.24317e-10,1402405136.7694092,128.0,384.0,242.0823,1.12901,1.2529727
1402404453.71875,1402404454.125,1.24317e-10,1402404453.8848572,160.0,976.0,660.978,4.7369328,1.7382444
1402404640.953125,1402404641.03125,6.21584e-10,1402404640.986023,640.0,2032.0,1539.7559,4.638758,1.9106333
1402463049.875,1402463050.375,1.11885e-09,1402463049.9797058,16.0,48.0,24.199993,4.074253,1.5916312
1402463262.625,1402463262.875,1.24317e-10,1402463262.7472534,320.0,1216.0,786.25287,4.540583,2.000572
1402463366.625,1402463367.5,1.24317e-10,1402463367.0021362,16.0,896.0,254.64212,1.12901,1.4664403
1402463771.75,1402463772.390625,1.24317e-10,1402463772.0576782,224.0,1664.0,909.4943,1.0553788,1.3609258
1402463572.0625,1402463572.15625,1.24317e-10,1402463572.0874634,896.0,1472.0,1269.4863,3.010693,0.785505
1402463972.59375,1402463973.25,1.24317e-10,1402463972.8410645,320.0,640.0,421.79333,0.7608545,1.612475
1402235368.0,1402235368.375,1.24317e-10,1402235368.1542358,16.0,192.0,77.50529,4.6878457,2.000572
1402235466.4375,1402235467.0,1.24317e-10,1402235466.5877686,16.0,384.0,105.63657,0.93266034,1.5499616
1402235567.875,1402235568.25,1.24317e-10,1402235567.9970703,32.0,384.0,123.31509,4.1724277,1.7171515
1402235659.875,1402235660.75,1.24317e-10,1402235660.3236694,32.0,192.0,70.57561,5.497787,0.38510814
1402235256.859375,1402235257.375,6.21584e-10,1402235257.106842,1408.0,2040.0,1774.3851,1.6444275,0.8956648
1402235962.625,1402235962.671875,1.24317e-10,1402235962.6381836,384.0,1152.0,759.4599,3.3133986,1.8234766
1402234829.1484375,1402234829.625,1.24317e-10,1402234829.3352585,64.0,1152.0,731.40985,2.9545932,2.5991404
1402489544.125,1402489544.75,1.24317e-10,1402489544.322174,128.0,960.0,676.9604,4.000622,1.780667
1402489645.25,1402489645.875,1.24317e-10,1402489645.5345764,32.0,1600.0,348.92645,4.147884,1.8667651
1402489853.875,1402489854.625,6.21584e-10,1402489854.2718506,32.0,192.0,69.72947,1.7415351,0.59562236
1402489947.25,1402489948.5,1.24317e-10,1402489947.8566895,896.0,1728.0,1349.1914,6.1604667,2.300524
1402489443.9375,1402489444.0,1.24317e-10,1402489443.9533844,384.0,2032.0,1484.0172,3.8763201,0.8132037
1402490337.15625,1402490337.21875,1.24317e-10,1402490337.170166,384.0,1216.0,761.0399,5.198588,0.5424523
1402489256.8125,1402489256.84375,1.24317e-10,1402489256.8267975,64.0,384.0,245.2524,3.5588355,1.6542263
1402498262.375,1402498262.875,1.24317e-10,1402498262.564865,16.0,384.0,138.0838,0.27868968,2.328389
1402498371.875,1402498372.625,1.24317e-10,1402498372.167801,128.0,384.0,235.28137,5.5763273,2.88574
1402498678.5,1402498679.5,1.24317e-10,1402498678.9918213,32.0,192.0,70.23667,2.25802,2.5192242
1402498769.125,1402498769.25,1.24317e-10,1402498769.177063,640.0,1664.0,1282.9,3.3870296,1.5082557
1402473872.5,1402473873.375,1.24317e-10,1402473872.8358154,128.0,960.0,420.68326,3.755185,1.1863996
1402474182.375,1402474182.75,1.24317e-10,1402474182.5114136,32.0,192.0,72.37058,0.957204,1.4033483
1402474286.375,1402474287.125,1.24317e-10,1402474286.6011963,32.0,1664.0,871.7424,3.85336,1.6961243
1402474484.375,1402474485.25,1.24317e-10,1402474484.8075562,32.0,192.0,70.704834,1.1044662,1.4873664
1402474694.9960938,1402474695.0234375,1.24317e-10,1402474695.008667,1088.0,1984.0,1594.5133,3.0175824,2.6519203
1402201228.125,1402201229.0,1.24317e-10,1402201228.525917,128.0,704.0,425.4203,4.843289,0.46341488
1402201322.25,1402201323.125,6.21584e-10,1402201322.6012878,48.0,88.0,69.85421,3.4852045,1.2529727
1402201412.75,1402201413.375,1.24317e-10,1402201412.881775,16.0,192.0,66.71025,4.810564,2.023613
1402201784.625,1402201785.125,1.24317e-10,1402201784.7874756,32.0,192.0,70.23501,0.9817477,1.3395748
1402201990.125,1402201990.375,1.24317e-10,1402201990.189087,128.0,384.0,234.70119,6.239552,0.46341488
1402202395.125,1402202395.75,1.24317e-10,1402202395.3703613,320.0,1408.0,867.5059,1.840777,1.8234766
1402202085.03125,1402202085.1875,1.24317e-10,1402202085.126892,1088.0,1472.0,1277.9417,3.6570103,1.6542263
1402233986.0,1402233986.625,1.24317e-10,1402233986.3326416,64.0,384.0,237.93105,4.1233406,1.845055
1402234089.25,1402234089.625,7.45901e-10,1402234089.3238525,16.0,384.0,74.179794,4.1969714,1.8234766
1402234409.875,1402234410.5,1.24317e-10,1402234410.0844727,320.0,640.0,427.0539,5.8904867,0.92207664
1402234720.125,1402234721.125,1.24317e-10,1402234720.625,128.0,640.0,425.58096,2.6811872,2.3836286
1402233879.90625,1402233880.125,1.24317e-10,1402233880.028778,32.0,704.0,237.19594,4.147884,1.6542263
1402234615.875,1402234616.375,1.11885e-09,1402234616.0582275,320.0,640.0,423.52188,1.1044662,1.2309594
1402312827.0,1402312827.5,1.24317e-10,1402312827.1650925,16.0,896.0,276.00262,3.5588355,0.8410687
1402313048.25,1402313049.625,1.24317e-10,1402313048.9371033,32.0,1728.0,811.3359,3.2440362,0.59562236
1402313153.875,1402313155.375,1.24317e-10,1402313154.359436,32.0,192.0,70.49101,4.246059,1.8667651
1402313259.75,1402313261.0,1.24317e-10,1402313260.3394775,832.0,1728.0,1348.8752,4.2706027,1.4664403
1402313461.125,1402313462.125,1.24317e-10,1402313461.5319214,32.0,192.0,70.20624,6.2340984,0.4111379
1402313358.25,1402313358.4375,1.36748e-09,1402313358.2999268,16.0,192.0,67.16172,4.638758,1.780667
1402369590.25,1402369590.875,6.21584e-10,1402369590.7243042,32.0,640.0,226.05228,5.1237884,0.5424523
1402369726.625,1402369727.5,1.24317e-10,1402369726.965393,32.0,928.0,235.841,4.1969714,1.612475
1402370245.5,1402370246.0,2.48634e-10,1402370245.6696777,192.0,320.0,235.52097,2.0371265,1.3609258
1402370354.375,1402370355.25,1.24317e-10,1402370354.735962,16.0,192.0,66.5594,5.2453375,0.7305738
1402369385.078125,1402369385.140625,6.21584e-10,1402369385.0993195,64.0,448.0,242.3439,0.24543692,1.5082557
1402369925.0546875,1402369925.09375,1.24317e-10,1402369925.0636597,32.0,640.0,234.7899,1.709396,0.43723843
1402245950.0,1402245950.5,1.24317e-10,1402245950.208435,32.0,896.0,250.42522,4.3687773,1.1179798
1402246251.625,1402246252.0,1.24317e-10,1402246251.6918945,896.0,1664.0,1285.8806,3.4115732,1.780667
1402246552.875,1402246553.375,1.24317e-10,1402246553.0935059,320.0,640.0,419.2785,4.9823694,2.0469153
1402246752.875,1402246753.0625,1.24317e-10,1402246752.916748,32.0,640.0,208.73361,2.9452434,2.8341978
1402412974.5,1402412975.0,1.24317e-10,1402412974.6617432,32.0,384.0,143.13922,5.4650626,0.6223685
1402413069.3125,1402413069.625,1.36748e-09,1402413069.4620972,32.0,192.0,82.60119,3.3379421,1.1179798
1402413261.375,1402413261.75,6.21584e-10,1402413261.581726,16.0,192.0,66.009575,1.0553788,1.3609258
1402412582.25,1402412582.875,1.24317e-10,1402412582.5089111,56.0,976.0,631.35706,5.5714183,0.9479698
1402412882.375,1402412882.5,1.24317e-10,1402412882.4421997,32.0,672.0,251.60683,0.49087384,1.88862
1402238470.875,1402238471.5,1.24317e-10,1402238471.1259232,320.0,704.0,423.9146,0.07139983,2.8599925
1402238570.625,1402238571.375,1.24317e-10,1402238570.9521637,16.0,896.0,248.03789,5.851217,0.51601636
1402238909.875,1402238910.875,1.24317e-10,1402238910.2543945,32.0,1152.0,590.7275,2.1107576,1.633337
1402239211.75,1402239212.125,1.24317e-10,1402239211.880005,32.0,192.0,70.89043,1.2137972,2.8599925
1402239010.453125,1402239011.25,6.21584e-10,1402239010.8693237,1056.0,2040.0,1721.1154,3.3853369,0.7579643
1402239408.59375,1402239408.65625,1.24317e-10,1402239408.6103516,384.0,1344.0,801.5826,1.7426022,1.5707964
1402239312.921875,1402239312.953125,2.48634e-10,1402239312.9279175,384.0,1152.0,740.7111,3.9515347,1.7382444
1402239507.171875,1402239507.21875,1.24317e-10,1402239507.1883545,640.0,1984.0,1443.4352,0.6108653,2.9114454
1402490443.0,1402490444.125,1.24317e-10,1402490443.4537086,32.0,1184.0,604.047,4.344234,1.5291177
1402490747.5,1402490748.125,1.24317e-10,1402490747.7739868,128.0,384.0,235.80649,0.41724277,1.8667651
1402491246.25,1402491246.75,1.24317e-10,1402491246.4680786,32.0,640.0,239.4358,3.2175992,0.8132037
1402491344.375,1402491345.0,1.24317e-10,1402491344.5960083,32.0,832.0,324.93842,1.4235342,1.1179798
1402491142.4375,1402491142.6875,6.21584e-10,1402491142.5585327,128.0,384.0,232.06654,1.7889625,0.46341488
1402490948.90625,1402490949.1875,1.24317e-10,1402490948.9348145,384.0,1188.0,836.2133,5.2523503,2.1682029
1402408858.5,1402408860.0,1.24317e-10,1402408859.2421265,896.0,2046.0,1702.4484,0.957204,2.143215
1402408951.5,1402408952.625,1.24317e-10,1402408952.0197144,32.0,1920.0,821.35455,1.7180586,1.8020179
1402409062.125,1402409062.5,1.24317e-10,1402409062.262268,32.0,192.0,72.306244,4.810564,1.9328191
1402409168.875,1402409169.25,1.24317e-10,1402409168.998932,32.0,192.0,71.54044,3.4115732,0.8410687
1402409270.5,1402409271.25,1.24317e-10,1402409270.809082,32.0,384.0,158.31522,4.098797,1.5291177
1402409565.25,1402409565.875,1.24317e-10,1402409565.6237793,16.0,192.0,67.914474,2.6366937,2.7824485
1402409761.84375,1402409762.125,1.24317e-10,1402409761.953064,32.0,288.0,73.273964,3.583379,1.7594128
1402409863.875,1402409864.25,1.24317e-10,1402409864.0183105,16.0,192.0,75.51784,2.2825634,2.0943952
1402409956.875,1402409958.0,1.24317e-10,1402409957.420166,24.0,224.0,70.40579,3.4115732,1.2309594
1402327375.625,1402327376.5,1.24317e-10,1402327376.0403595,32.0,192.0,70.63698,0.0,2.2729106
1402327681.75,1402327682.25,1.24317e-10,1402327682.032196,16.0,192.0,82.51209,4.957826,2.2729106
1402327782.625,1402327783.375,1.24317e-10,1402327782.9674072,32.0,1312.0,328.75565,6.239552,0.46341488
1402328060.3125,1402328060.625,1.24317e-10,1402328060.4245605,16.0,192.0,66.77611,4.565127,1.633337
1402282913.875,1402282914.375,1.24317e-10,1402282914.084465,128.0,384.0,235.22935,2.9943304,2.730455
1402283237.25,1402283237.875,1.24317e-10,1402283237.4076233,32.0,192.0,71.298294,5.128188,2.7043543
1402283739.75,1402283740.125,1.24317e-10,1402283739.87854,32.0,192.0,70.70145,2.6270216,0.7579643
1402283345.5,1402283345.6875,1.24317e-10,1402283345.534546,64.0,1088.0,259.9711,0.37203074,2.6519203
1402283548.4375,1402283548.625,1.24317e-10,1402283548.4905396,896.0,1664.0,1297.8984,3.755185,1.6542263
1402283646.5,1402283646.6875,1.24317e-10,1402283646.565979,64.0,1152.0,286.1807,6.1591754,0.48967242
1402283937.234375,1402283937.296875,6.21584e-10,1402283937.2633057,1088.0,1504.0,1298.4824,5.424156,0.9479698
1402366808.625,1402366809.0,1.24317e-10,1402366808.7845497,32.0,640.0,209.38667,2.070595,0.28160024
1402367129.1875,1402367129.875,1.24317e-10,1402367129.4014282,320.0,640.0,424.41788,2.2133949,0.28160024
1402367354.0,1402367354.75,1.24317e-10,1402367354.2988281,32.0,1152.0,591.40137,3.509748,1.0471976
1402367545.5,1402367545.875,1.24317e-10,1402367545.6536255,896.0,1664.0,1271.515,3.534292,1.633337
1402367652.125,1402367653.25,1.24317e-10,1402367652.5893555,128.0,640.0,424.67242,2.6470828,2.4382668
1402367847.0,1402367847.5,1.24317e-10,1402367847.220337,320.0,640.0,426.15323,3.6324666,1.5499616
1402367939.5,1402367940.125,1.24317e-10,1402367939.7838135,16.0,704.0,210.01518,2.1908476,2.6519203
1402366917.75,1402366918.0,1.24317e-10,1402366917.7883148,64.0,448.0,241.52191,1.5053465,0.30739504
1402367222.75,1402367222.9375,7.45901e-10,1402367222.8618164,32.0,640.0,252.55794,2.1353014,1.6542263
1402431988.625,1402431988.875,1.24317e-10,1402431988.702942,32.0,640.0,283.93805,2.405282,0.8686821
1402432091.125,1402432091.75,1.24317e-10,1402432091.2962341,32.0,1472.0,322.70737,5.105088,2.1682029
1402432290.125,1402432290.875,1.24317e-10,1402432290.505371,32.0,960.0,610.1547,4.0497093,1.4873664
1402432493.625,1402432494.0,1.24317e-10,1402432493.7905273,16.0,192.0,77.11779,0.23561946,2.3560877
1402432688.0,1402432688.625,1.24317e-10,1402432688.189209,32.0,192.0,71.133415,1.4235342,1.633337
1402432797.875,1402432798.25,1.24317e-10,1402432797.979126,64.0,384.0,166.37708,0.5399612,1.4664403
1402431698.0625,1402431698.125,1.24317e-10,1402431698.078926,320.0,1408.0,807.94135,2.0616703,1.1638212
1402432594.375,1402432594.421875,1.24317e-10,1402432594.394104,384.0,1152.0,773.6544,0.4417865,1.38218
1402432383.875,1402432384.25,1.24317e-10,1402432383.9838257,64.0,640.0,252.27444,1.5462526,1.5291177
1402218252.625,1402218252.875,1.24317e-10,1402218252.717804,128.0,384.0,236.49129,4.6142144,1.6751524
1402218358.875,1402218359.875,1.24317e-10,1402218359.331482,1088.0,1664.0,1362.0154,5.424156,1.0946773
1402218459.125,1402218459.875,1.24317e-10,1402218459.478241,16.0,384.0,103.87469,4.810564,1.5082557
1402218569.0,1402218570.0,1.24317e-10,1402218569.3666992,32.0,1216.0,608.81165,5.2278066,1.6961243
1402218766.25,1402218767.0,1.24317e-10,1402218766.5965576,128.0,384.0,235.53674,0.8590293,1.5707964
1402218871.875,1402218872.375,1.24317e-10,1402218872.048584,32.0,640.0,218.30139,0.3926991,2.9883497
1402219111.65625,1402219111.78125,6.21584e-10,1402219111.6783447,64.0,640.0,256.09198,5.497787,1.0229695
1402218052.703125,1402218052.7109375,2.2377e-09,1402218052.705639,1152.0,1920.0,1489.2026,0.46633017,1.3609258
1402277098.125,1402277098.625,1.24317e-10,1402277098.1991882,16.0,192.0,68.00581,0.060415246,0.33324155
1402277496.9375,1402277497.625,1.24317e-10,1402277497.1105957,16.0,384.0,104.31561,3.9269907,1.2965378
1402277593.125,1402277593.75,1.24317e-10,1402277593.328125,320.0,640.0,423.34372,6.0132046,0.99837774
1402277802.5,1402277803.625,1.24317e-10,1402277803.0386963,32.0,192.0,70.43482,3.583379,1.7594128
1402277911.625,1402277911.875,2.48634e-10,1402277911.7026367,16.0,640.0,247.31534,4.6633015,1.38218
1402277199.875,1402277200.0,1.24317e-10,1402277199.9110107,32.0,896.0,179.0805,0.7853982,1.3395748
1402277300.0625,1402277300.625,1.24317e-10,1402277300.2531738,32.0,960.0,629.15216,2.9943304,0.4111379
1402292460.125,1402292461.625,1.24317e-10,1402292460.717636,896.0,1920.0,1347.8926,0.564505,1.6542263
1402292558.625,1402292559.125,1.24317e-10,1402292558.8620453,128.0,960.0,700.04376,3.4361172,1.633337
1402292866.25,1402292866.75,1.24317e-10,1402292866.4790955,32.0,832.0,303.0419,5.1541753,2.0705013
1402292972.375,1402292972.75,1.24317e-10,1402292972.5508423,16.0,384.0,78.92012,0.41724277,1.4454684
1402293178.5,1402293179.25,1.24317e-10,1402293178.7805176,16.0,96.0,69.19803,1.521709,1.1638212
1402293279.4375,1402293279.625,1.24317e-10,1402293279.5049438,128.0,384.0,232.02571,0.90811664,1.3181162
1402293488.3125,1402293488.4375,1.24317e-10,1402293488.3325195,1088.0,1472.0,1285.0853,4.712389,1.5499616
1402292759.8125,1402292760.5,1.24317e-10,1402292760.0740662,64.0,960.0,604.4897,4.5896707,1.780667
1402293582.8046875,1402293582.8515625,1.24317e-10,1402293582.8153076,64.0,640.0,261.85532,2.608644,2.4110188
1402207201.75,1402207202.875,1.24317e-10,1402207202.3302393,1104.0,2044.0,1704.5981,2.9105933,2.7043543
1402207304.125,1402207304.875,1.24317e-10,1402207304.4786072,320.0,704.0,424.80197,2.797981,0.4111379
1402207400.8125,1402207401.375,1.24317e-10,1402207401.063675,320.0,640.0,423.50293,5.301438,3.0394864
1402207503.5,1402207504.0,1.24317e-10,1402207503.7476807,32.0,1408.0,308.89096,1.2271847,1.3395748
1402207806.5,1402207807.25,1.24317e-10,1402207806.75708,320.0,704.0,426.46597,0.83448553,1.2965378
1402207911.375,1402207911.875,1.24317e-10,1402207911.5529175,128.0,416.0,236.6502,3.4033923,2.9114454
1402208005.75,1402208006.125,1.24317e-10,1402208005.8479004,896.0,1664.0,1282.0563,3.7306414,1.5916312
1402208098.75,1402208099.0,1.24317e-10,1402208098.7755737,896.0,1664.0,1300.6698,3.3870296,0.92207664
1402208189.5,1402208189.75,1.24317e-10,1402208189.5994873,64.0,704.0,232.02861,2.1535113,0.8132037
1402207699.0625,1402207699.25,6.21584e-10,1402207699.1514282,16.0,192.0,78.4442,5.325981,0.8410687
1402208387.875,1402208388.0625,1.24317e-10,1402208387.9313965,320.0,1216.0,775.44226,1.8653207,1.4244412
1402207600.625,1402207601.75,1.24317e-10,1402207601.2232666,320.0,1664.0,1338.9539,4.025166,1.845055
1402455818.125,1402455819.0,1.24317e-10,1402455818.503891,16.0,192.0,65.92405,3.509748,1.612475
1402456119.25,1402456119.875,6.21584e-10,1402456119.5025024,44.0,88.0,68.916046,6.1850104,1.0710913
1402456309.875,1402456310.125,6.21584e-10,1402456309.9128418,16.0,192.0,57.874542,5.8904867,0.35914433
1402456606.0,1402456606.5,1.24317e-10,1402456606.1380005,16.0,1600.0,353.13596,3.2070425,2.8341978
1402455721.125,1402455722.125,1.24317e-10,1402455721.5759735,1072.0,1856.0,1350.8934,2.0616703,0.6223685
1402407799.125,1402407800.0,1.24317e-10,1402407799.5990143,32.0,1152.0,586.79706,1.3499031,1.1863996
1402407906.6875,1402407906.875,7.45901e-10,1402407906.7422485,16.0,192.0,101.42371,5.325981,1.4873664
1402408108.1875,1402408108.3125,1.24317e-10,1402408108.2235107,128.0,384.0,231.16383,0.7853982,2.6519203
1402408322.90625,1402408322.96875,1.24317e-10,1402408322.9284668,64.0,640.0,262.74573,2.633394,0.43723843
1402408216.578125,1402408216.625,1.36748e-09,1402408216.5945435,1088.0,1472.0,1257.4103,5.424156,0.9479698
1402210818.75,1402210819.375,1.24317e-10,1402210818.938036,128.0,384.0,235.4323,5.2278066,1.8234766
1402210917.125,1402210917.625,1.24317e-10,1402210917.2446594,16.0,192.0,82.6114,1.12901,1.2965378
1402211218.875,1402211219.5,1.24317e-10,1402211219.0905762,128.0,992.0,630.19324,1.767146,1.0710913
1402211412.0,1402211412.5,1.24317e-10,1402211412.1971436,320.0,480.0,422.9801,1.4971652,0.99837774
1402211624.375,1402211625.375,1.24317e-10,1402211624.8393555,32.0,1408.0,343.32156,5.7268615,0.6223685
1402211922.625,1402211923.625,1.24317e-10,1402211923.1026611,64.0,1664.0,860.9689,5.722187,0.17884691
1402487535.375,1402487536.25,1.24317e-10,1402487535.755249,16.0,384.0,79.144516,4.2706027,0.4111379
1402487636.25,1402487636.625,1.24317e-10,1402487636.3169556,128.0,384.0,230.09492,0.10244324,2.5459704
1402487847.8125,1402487848.125,1.24317e-10,1402487847.8776855,64.0,448.0,243.38855,1.1535536,1.2748276
1402487441.6875,1402487442.09375,1.24317e-10,1402487441.8563843,320.0,1344.0,828.4961,0.90811664,1.3181162
1402487040.25,1402487040.28125,6.21584e-10,1402487040.2612152,64.0,384.0,242.93918,3.6324666,1.633337
1402428766.0,1402428766.5,1.24317e-10,1402428766.2251282,64.0,384.0,241.7453,2.2825634,2.193623
1402428962.25,1402428962.625,1.24317e-10,1402428962.416809,32.0,384.0,107.02124,0.46633017,2.0943952
1402429058.75,1402429059.375,1.24317e-10,1402429058.9407349,16.0,384.0,104.753075,4.8694687,2.7564845
1402429163.0,1402429163.375,1.24317e-10,1402429163.0770264,16.0,896.0,103.19687,1.739096,0.35914433
1402428857.0,1402428857.1875,6.21584e-10,1402428857.088745,32.0,384.0,108.99189,5.203263,1.2087735
1402361171.75,1402361172.125,1.24317e-10,1402361171.9249878,16.0,192.0,71.54716,5.5305123,2.5192242
1402361675.125,1402361676.0,1.24317e-10,1402361675.4290771,24.0,1728.0,838.49176,1.12901,1.2529727
1402361966.0,1402361966.25,1.24317e-10,1402361966.1243896,64.0,704.0,234.15071,0.4417865,1.845055
1402360883.71875,1402360883.875,1.24317e-10,1402360883.7840424,896.0,1664.0,1287.9398,0.19634955,1.4244412
1402360976.125,1402360977.0,7.45901e-10,1402360976.518814,32.0,704.0,129.36644,3.3624861,1.3609258
1402361075.0,1402361075.75,1.24317e-10,1402361075.324646,288.0,640.0,424.83762,0.2699806,1.4873664
1402297484.5,1402297485.5,1.24317e-10,1402297484.9505005,32.0,192.0,72.21841,0.20668373,2.6519203
1402297907.0,1402297907.75,1.24317e-10,1402297907.2990112,128.0,1408.0,790.6669,0.319068,1.6542263
1402298015.375,1402298015.75,1.24317e-10,1402298015.5023193,32.0,704.0,270.75726,1.3989905,1.1410209
1402298155.625,1402298156.125,1.24317e-10,1402298155.9352417,128.0,384.0,233.54672,5.1541753,1.9328191
1402297703.15625,1402297703.21875,1.24317e-10,1402297703.1697998,64.0,384.0,245.13289,4.074253,1.7594128
1402298366.40625,1402298366.5,6.21584e-10,1402298366.4423828,320.0,1216.0,783.6341,3.0149157,0.8132037
1402364789.125,1402364789.5,6.21584e-10,1402364789.2657166,208.0,288.0,235.9827,4.2706027,1.845055
1402364682.5625,1402364682.75,6.21584e-10,1402364682.6372375,16.0,384.0,97.91855,2.8891435,2.4110188
1402365197.625,1402365197.8125,1.6161199e-09,1402365197.6536255,64.0,704.0,310.94952,5.301438,1.4664403
1402364573.125,1402364573.25,1.24317e-10,1402364573.1788788,384.0,1664.0,803.74493,5.9150305,0.8410687
1402365306.6875,1402365306.78125,1.24317e-10,1402365306.6967163,1088.0,1664.0,1296.3342,5.7491145,0.6492301
1402364479.0,1402364479.625,1.36748e-09,1402364479.336464,16.0,704.0,120.88404,4.0497093,1.4033483
1402498877.625,1402498878.125,1.24317e-10,1402498877.7970734,32.0,1088.0,280.42093,3.9760783,1.7171515
1402498974.625,1402498975.625,1.24317e-10,1402498974.7725983,320.0,640.0,423.17807,0.6343601,2.4653792
1402499083.75,1402499084.25,1.24317e-10,1402499083.8641357,128.0,416.0,231.81148,0.14726216,2.730455
1402499290.25,1402499291.125,7.45901e-10,1402499290.63974,40.0,80.0,69.14982,3.3624861,1.2748276
1402499698.09375,1402499698.375,1.24317e-10,1402499698.1600342,16.0,224.0,85.293434,2.3561945,0.28160024
1402499904.125,1402499904.875,7.45901e-10,1402499904.567749,56.0,88.0,69.70493,4.9305553,2.6781778
1402499999.875,1402500000.0,1.24317e-10,1402499999.9711914,32.0,192.0,70.95805,6.236985,0.43723843
1402499795.09375,1402499795.15625,1.24317e-10,1402499795.1135864,1088.0,1472.0,1297.9476,6.2019377,2.3836286
1402208586.75,1402208587.875,1.24317e-10,1402208587.261734,896.0,1728.0,1340.745,1.6010039,2.4653792
1402208683.3125,1402208684.25,1.24317e-10,1402208683.6782227,640.0,1664.0,1332.4874,3.583379,1.7594128
1402208978.25,1402208978.875,1.24317e-10,1402208978.4590454,128.0,384.0,235.56367,5.22696,2.3836286
1402209326.5,1402209327.5,1.24317e-10,1402209326.8868408,32.0,1664.0,825.3558,0.6872234,1.7594128
1402209520.75,1402209521.125,1.24317e-10,1402209520.8778076,32.0,384.0,118.93593,4.7369328,2.143215
1402208882.9375,1402208882.984375,1.24317e-10,1402208882.9570312,384.0,1216.0,779.6072,3.755185,1.1863996
1402209083.0625,1402209083.09375,1.24317e-09,1402209083.0704956,32.0,640.0,238.57246,6.0622926,0.9479698
1402480944.125,1402480944.5,1.24317e-10,1402480944.2208862,16.0,192.0,75.92036,1.0144726,2.5192242
1402481332.125,1402481333.125,1.24317e-10,1402481332.5488281,960.0,1664.0,1347.9745,1.5707964,1.1638212
1402481715.625,1402481716.125,4.97267e-10,1402481715.776062,32.0,640.0,226.01959,0.07853982,0.25585246
1402481963.75,1402481965.0,1.24317e-10,1402481964.1877441,32.0,1664.0,834.55536,0.36815542,2.000572
1402480853.5625,1402480853.6875,6.21584e-10,1402480853.5743332,16.0,192.0,61.92894,1.8907735,0.70332605
1402481854.375,1402481855.625,1.24317e-10,1402481854.9238281,1088.0,2044.0,1702.1152,5.276894,1.612475
1402481041.3125,1402481041.40625,1.24317e-10,1402481041.3565826,64.0,448.0,249.98138,0.6872234,1.4244412
1402280756.59375,1402280757.25,1.24317e-10,1402280756.8041992,320.0,736.0,450.88058,4.42441,0.785505
1402281052.0,1402281052.375,1.24317e-10,1402281052.1488647,208.0,288.0,235.2904,6.2439156,0.51601636
1402281144.625,1402281145.125,1.86475e-09,1402281144.7045898,16.0,192.0,78.96502,3.2152238,0.9479698
1402281461.609375,1402281462.0,1.24317e-10,1402281461.6867676,32.0,384.0,143.35619,0.12271846,2.245928
1402280561.5625,1402280561.8125,1.24317e-10,1402280561.6638489,320.0,1312.0,780.27106,5.0560007,1.7594128
1402281571.5625,1402281571.71875,1.24317e-10,1402281571.630371,64.0,640.0,279.8181,3.264311,1.6961243
1402280952.4375,1402280952.46875,7.45901e-10,1402280952.4509888,384.0,2016.0,1461.7942,2.3300145,2.3560877
1402484471.625,1402484473.0,1.24317e-10,1402484472.29187,896.0,1728.0,1343.9785,4.4069567,0.46341488
1402484569.5,1402484569.875,1.24317e-10,1402484569.5969086,16.0,192.0,70.47627,5.6450496,2.730455
1402484762.625,1402484763.125,1.24317e-10,1402484762.8408508,32.0,384.0,162.47694,2.0027654,0.51601636
1402484855.625,1402484856.25,1.24317e-10,1402484855.9909363,16.0,384.0,78.90825,5.390688,0.56898564
1402485369.0,1402485369.875,1.24317e-10,1402485369.3865967,224.0,640.0,422.02255,1.9880391,1.0471976
1402485464.25,1402485465.25,1.24317e-10,1402485464.6312256,64.0,640.0,423.79132,1.840777,1.6961243
1402485554.75,1402485555.25,1.24317e-10,1402485554.9156494,64.0,384.0,161.89893,1.5462526,1.7382444
1402444878.75,1402444880.0,1.24317e-10,1402444879.3054047,832.0,1728.0,1347.3131,3.4852045,0.4111379
1402445086.625,1402445087.0,1.24317e-10,1402445086.7450867,64.0,384.0,159.73817,6.1850104,0.6223685
1402445295.75,1402445296.125,1.24317e-10,1402445295.9181519,16.0,320.0,72.9181,0.22907448,2.5192242
1402445494.625,1402445495.0,1.24317e-10,1402445494.7937622,32.0,192.0,76.7571,6.1359234,0.92207664
1402445595.25,1402445596.5,1.24317e-10,1402445595.7313843,32.0,192.0,70.40445,3.9760783,1.633337
1402445785.875,1402445786.125,1.24317e-10,1402445785.94281,64.0,640.0,249.4102,5.105088,2.572607
1402445988.0,1402445988.0625,6.21584e-10,1402445988.0168457,128.0,384.0,234.3985,2.2813947,0.5424523
1402291550.0,1402291550.875,1.24317e-10,1402291550.3399353,16.0,384.0,66.84341,4.3196898,1.5916312
1402291752.75,1402291753.375,1.24317e-10,1402291753.1508179,32.0,192.0,70.64338,0.319068,1.4033483
1402292157.0,1402292157.5,1.24317e-10,1402292157.2112427,16.0,384.0,142.7978,2.558878,2.328389
1402292265.625,1402292265.875,1.24317e-10,1402292265.760376,32.0,704.0,241.25279,1.4726217,1.38218
1402291643.5,1402291643.75,1.24317e-10,1402291643.5533142,64.0,448.0,245.83868,6.2046456,0.25585246
1402284136.0,1402284136.375,1.24317e-10,1402284136.0726624,32.0,192.0,80.82108,0.24543692,1.4664403
1402284430.5,1402284431.125,1.24317e-10,1402284430.8807373,16.0,192.0,73.80595,3.2397676,2.9371123
1402284534.0,1402284534.625,1.24317e-10,1402284534.3338013,16.0,192.0,70.8301,2.078995,2.7043543
1402284627.75,1402284628.125,1.24317e-10,1402284627.861084,16.0,192.0,60.18514,5.2883477,2.7564845
1402284735.375,1402284736.25,1.24317e-10,1402284735.7817383,896.0,1728.0,1340.0815,0.1308997,2.6781778
1402284941.5,1402284942.375,1.24317e-10,1402284941.9091187,32.0,1152.0,582.2358,1.1535536,1.6542263
1402284325.0625,1402284325.3125,1.24317e-10,1402284325.148346,896.0,1664.0,1280.4343,1.4726217,1.5499616
1402284835.3125,1402284835.5,1.24317e-10,1402284835.3509521,32.0,640.0,114.25881,1.8898644,1.3181162
1402284027.9375,1402284028.8125,1.24317e-10,1402284028.345955,1096.0,2032.0,1697.7516,5.8468533,0.23014726
1402225373.75,1402225375.0,1.24317e-10,1402225374.3709564,128.0,832.0,425.6948,1.2517284,1.8667651
1402225469.125,1402225469.75,1.24317e-10,1402225469.3167114,32.0,192.0,70.53847,1.8898644,1.2748276
1402225657.125,1402225657.5,1.24317e-10,1402225657.2799072,32.0,704.0,244.71709,4.221515,1.38218
1402225870.875,1402225871.375,1.24317e-10,1402225871.15979,16.0,192.0,62.69051,6.096186,0.5424523
1402225962.125,1402225962.53125,1.24317e-10,1402225962.2753296,320.0,1248.0,764.65356,1.0308352,1.3395748
1402226170.6875,1402226171.0,1.24317e-10,1402226170.7885132,64.0,384.0,150.80386,1.993703,2.808351
1402226068.03125,1402226068.21875,6.21584e-10,1402226068.1269531,32.0,576.0,205.69128,0.0,2.2729106
1402226376.625,1402226378.25,1.24317e-10,1402226377.322754,736.0,1696.0,1341.1178,1.7849959,2.8599925
1402461744.5,1402461745.25,1.24317e-10,1402461744.845459,64.0,576.0,233.568,4.246059,1.8667651
1402461950.125,1402461951.0,1.24317e-10,1402461950.599945,32.0,96.0,70.14936,0.05609987,0.35914433
1402462050.0,1402462051.375,1.24317e-10,1402462050.5353699,1056.0,1760.0,1344.4095,0.7853982,1.845055
1402462153.75,1402462154.75,1.24317e-10,1402462154.180725,16.0,960.0,260.12564,4.7537255,0.48967242
1402462257.75,1402462257.875,1.24317e-10,1402462257.800476,32.0,192.0,79.0599,0.05235988,0.38510814
1402443751.375,1402443752.25,1.24317e-10,1402443751.7924347,320.0,640.0,420.80817,4.2951465,1.8667651
1402444267.0,1402444267.375,1.24317e-10,1402444267.1904907,64.0,448.0,247.42438,1.6444275,1.7382444
1402444476.75,1402444477.375,1.24317e-10,1402444476.9816284,320.0,640.0,425.55814,3.5588355,1.7382444
1402444671.125,1402444672.0,1.24317e-10,1402444671.5372314,16.0,896.0,256.11908,4.3196898,0.56898564
1402444174.375,1402444175.0,1.24317e-10,1402444174.527893,416.0,1160.0,819.95953,1.0553788,1.780667
1402444573.0,1402444573.1875,1.24317e-10,1402444573.0756836,32.0,384.0,108.35028,4.000622,1.780667
1402444073.65625,1402444073.6875,6.21584e-10,1402444073.664795,896.0,1472.0,1268.5381,4.7860203,2.143215
1402314072.875,1402314073.375,1.24317e-10,1402314073.1037521,16.0,192.0,64.5889,3.681554,1.5082557
1402314263.875,1402314265.0,1.24317e-10,1402314264.4020996,16.0,144.0,69.69867,5.3505254,1.4664403
1402314678.875,1402314679.375,1.24317e-10,1402314678.996399,16.0,192.0,66.68481,3.2201324,0.785505
1402314978.75,1402314979.125,1.24317e-10,1402314978.8255615,16.0,192.0,81.30446,4.810564,2.1186233
1402315173.625,1402315174.0,1.24317e-10,1402315173.8256836,32.0,896.0,276.32208,3.023783,2.6255763
1402314569.625,1402314570.25,1.24317e-10,1402314569.8267822,16.0,384.0,130.38634,2.1353014,1.6961243
1402287621.125,1402287621.375,1.24317e-10,1402287621.1676064,64.0,448.0,239.68413,1.1780972,1.2965378
1402287728.5,1402287729.125,6.21584e-10,1402287728.826233,16.0,96.0,26.200514,4.6878457,0.9479698
1402287835.375,1402287835.875,1.24317e-10,1402287835.5263672,192.0,320.0,235.47845,1.7916895,1.2309594
1402288333.5,1402288334.25,1.24317e-10,1402288333.8147583,320.0,640.0,424.2695,2.0371265,1.6961243
1402288723.125,1402288723.25,6.21584e-10,1402288723.1790771,16.0,192.0,87.29638,0.3436117,1.3395748
1402288626.125,1402288627.375,1.24317e-10,1402288626.69104,896.0,1728.0,1345.843,4.884195,1.1863996
1402261242.25,1402261243.75,1.24317e-10,1402261242.8897018,896.0,1760.0,1342.6908,3.828816,1.4244412
1402261345.0625,1402261345.625,1.24317e-10,1402261345.3047333,32.0,1088.0,166.81837,2.984513,2.7564845
1402261546.75,1402261547.125,1.24317e-10,1402261546.8688354,32.0,192.0,70.80288,4.074253,0.92207664
1402261887.25,1402261887.75,1.24317e-10,1402261887.3548584,16.0,192.0,67.9089,1.6444275,0.99837774
1402262088.1875,1402262088.625,1.24317e-10,1402262088.3461914,64.0,384.0,234.50949,0.5399612,2.023613
1402262385.0,1402262385.5,1.24317e-10,1402262385.2033691,320.0,640.0,428.33063,5.6450496,1.2087735
1402262277.5449219,1402262277.75,1.24317e-10,1402262277.6351318,16.0,896.0,286.3868,0.2945243,1.4664403
1402261792.8984375,1402261792.9375,2.2377e-09,1402261792.9087524,384.0,1152.0,796.23206,5.206899,2.4382668
1402257682.625,1402257683.25,1.24317e-10,1402257682.7852478,32.0,1408.0,327.8477,2.4298258,0.8410687
1402258194.5,1402258194.75,1.24317e-10,1402258194.5708008,32.0,192.0,70.81154,0.49087384,2.023613
1402258398.375,1402258399.0,1.24317e-10,1402258398.6741943,32.0,192.0,72.35171,2.552544,0.10210642
1402258607.8125,1402258607.875,1.24317e-10,1402258607.8306885,384.0,1152.0,744.4202,0.17734797,2.328389
1402257781.25,1402257782.0,1.24317e-10,1402257781.5581665,64.0,1152.0,603.94934,2.0616703,1.8020179
1402258292.65625,1402258292.703125,1.24317e-10,1402258292.6691284,896.0,2016.0,1503.886,3.7060978,1.2309594
1402258085.1953125,1402258085.375,1.24317e-10,1402258085.2896423,64.0,896.0,263.30844,5.424156,1.3181162
1402476302.875,1402476303.375,1.24317e-10,1402476303.1190796,896.0,1664.0,1275.0836,2.9452434,2.1186233
1402476394.875,1402476395.75,1.24317e-10,1402476395.1326904,32.0,1664.0,911.6342,1.0270592,2.808351
1402476496.625,1402476497.0,1.24317e-10,1402476496.8056946,16.0,384.0,78.57076,1.6198838,1.0710913
1402476994.5,1402476994.875,1.24317e-10,1402476994.6019897,32.0,192.0,68.38741,3.7306414,1.0710913
1402476809.4375,1402476810.1875,6.21584e-10,1402476809.789734,1504.0,2040.0,1796.7292,5.9311104,2.3836286
1402476211.265625,1402476211.328125,1.24317e-10,1402476211.2846222,384.0,1216.0,805.437,2.6602197,2.328389
1402348594.375,1402348594.75,1.24317e-10,1402348594.4603271,32.0,672.0,285.7944,3.607923,1.0946773
1402348398.3125,1402348398.5625,1.24317e-10,1402348398.3465576,896.0,1664.0,1304.7815,5.8468533,0.23014726
1402272749.375,1402272750.5,1.24317e-10,1402272749.900879,1056.0,1728.0,1343.401,5.0069137,0.20448022
1402272849.5,1402272849.75,1.24317e-10,1402272849.6333618,32.0,704.0,255.38828,2.2089324,2.730455
1402272978.875,1402272979.125,1.24317e-10,1402272978.954834,32.0,192.0,71.18711,4.2706027,1.5499616
1402273071.234375,1402273071.625,1.24317e-10,1402273071.331543,32.0,384.0,146.59428,2.4543693,2.023613
1402272648.1875,1402272648.3125,6.21584e-10,1402272648.2525635,192.0,2032.0,1540.6842,5.105088,1.2965378
1402272353.1953125,1402272354.0,1.24317e-10,1402272353.5827332,1120.0,2044.0,1749.1818,2.8361602,2.6781778
1402305899.125,1402305899.5,1.24317e-10,1402305899.2382812,64.0,448.0,247.812,5.129632,1.9551933
1402306108.0,1402306108.5,1.24317e-10,1402306108.1570435,128.0,416.0,235.21634,5.3750687,1.0471976
1402306204.125,1402306205.5,1.24317e-10,1402306204.6102905,832.0,1680.0,1346.1073,3.6324666,1.1179798
1402305998.25,1402305998.46875,1.24317e-10,1402305998.3654785,64.0,640.0,237.63377,4.000622,1.6961243
1402306601.921875,1402306602.375,1.24317e-10,1402306602.128601,160.0,976.0,687.45703,4.221515,1.7171515
1402396881.125,1402396881.5,1.24317e-10,1402396881.2465897,32.0,192.0,71.67145,2.6417937,2.8599925
1402396972.875,1402396973.875,1.24317e-10,1402396973.25885,32.0,992.0,587.94745,1.0553788,1.6542263
1402397186.0,1402397187.25,1.24317e-10,1402397186.5375366,1056.0,1728.0,1345.5256,2.505794,2.5991404
1402397280.875,1402397281.375,1.24317e-10,1402397281.1192322,16.0,384.0,134.34277,3.3624861,1.780667
1402397794.25,1402397794.875,1.24317e-10,1402397794.552002,32.0,384.0,148.74173,1.6689711,1.5082557
1402397079.4375,1402397079.828125,1.24317e-10,1402397079.5885315,384.0,1232.0,780.9529,1.6493362,0.25585246
1402465594.0,1402465594.75,1.24317e-10,1402465594.3858032,16.0,192.0,65.11048,1.1044662,1.2748276
1402465702.875,1402465703.25,1.24317e-10,1402465702.9746094,16.0,384.0,104.12368,4.7860203,1.9106333
1402465806.25,1402465807.125,1.24317e-10,1402465806.5836182,32.0,1504.0,360.29895,2.8961558,2.219516
1402465998.75,1402465999.125,1.24317e-10,1402465998.8633423,16.0,192.0,71.61646,2.0371265,0.99837774
1402466094.0,1402466095.0,1.24317e-10,1402466094.487915,64.0,1728.0,884.1243,3.1041927,2.5991404
1402466201.96875,1402466202.5,1.24317e-10,1402466202.0471802,16.0,192.0,66.96316,1.4480779,1.9106333
1402465395.515625,1402465395.546875,1.24317e-10,1402465395.5172882,384.0,1152.0,750.3744,5.014465,2.808351
1402465904.625,1402465905.375,1.24317e-10,1402465904.954956,32.0,1008.0,616.3119,1.4235342,1.2529727
1402502436.125,1402502436.375,1.24317e-10,1402502436.1970024,32.0,704.0,291.4154,3.3624861,1.3181162
1402502567.0,1402502567.625,1.24317e-10,1402502567.350174,32.0,384.0,149.0997,2.0616703,1.4244412
1402502964.25,1402502964.625,1.24317e-10,1402502964.418396,32.0,192.0,71.00153,4.8351073,2.0469153
1402503062.625,1402503063.125,1.24317e-10,1402503062.7838745,32.0,1408.0,332.9744,5.2523503,1.38218
1402503160.5,1402503161.75,1.24317e-10,1402503161.0323486,896.0,1856.0,1345.545,1.4480779,1.6542263
1402503456.625,1402503457.75,1.24317e-10,1402503457.209961,16.0,896.0,257.45306,5.262168,0.25585246
1402503551.0,1402503551.625,2.3620201e-09,1402503551.1691895,128.0,960.0,690.03394,0.41724277,2.0469153
1402458278.0,1402458278.375,1.24317e-10,1402458278.1612854,32.0,192.0,72.14646,4.3196898,1.5916312
1402458561.125,1402458561.5,1.24317e-10,1402458561.2736206,32.0,640.0,211.13564,1.8653207,1.0710913
1402458804.0,1402458804.375,1.24317e-10,1402458804.1923828,32.0,704.0,230.44238,2.25802,2.1186233
1402458896.1875,1402458897.0,1.24317e-10,1402458896.465271,64.0,1664.0,887.94617,0.49087384,1.9328191
1402458992.75,1402458993.25,1.24317e-10,1402458992.9638062,128.0,384.0,235.90187,5.325981,2.300524
1402459101.125,1402459102.5,1.24317e-10,1402459101.9934082,1056.0,2046.0,1681.5088,4.344234,1.9106333
1402206100.875,1402206101.25,1.24317e-10,1402206100.9916534,128.0,384.0,235.13809,0.7117671,2.0943952
1402206397.625,1402206398.0,1.24317e-10,1402206397.7145386,208.0,288.0,235.52472,4.4914956,1.2309594
1402206593.75,1402206594.25,1.24317e-10,1402206593.9014893,16.0,192.0,76.847984,3.5588355,1.6961243
1402206690.0,1402206690.375,1.24317e-10,1402206690.0653687,32.0,224.0,77.71889,0.07363108,2.193623
1402206787.375,1402206787.75,1.24317e-10,1402206787.5107422,32.0,896.0,284.72485,2.0862138,1.3181162
1402206896.625,1402206897.375,1.24317e-10,1402206896.90448,224.0,496.0,421.52676,4.638758,2.0943952
1402206496.828125,1402206496.859375,2.2377e-09,1402206496.8415527,1088.0,1472.0,1261.9249,1.5953401,0.99837774
1402350079.5,1402350080.0,1.11885e-09,1402350079.7079086,16.0,96.0,26.44981,0.42290676,2.808351
1402350476.5,1402350477.0,1.24317e-10,1402350476.6993103,32.0,896.0,233.04488,0.19634955,1.633337
1402350690.25,1402350691.0,1.24317e-10,1402350690.5213623,96.0,384.0,236.0838,1.739096,0.35914433
1402350278.6875,1402350278.78125,6.21584e-10,1402350278.7165527,384.0,1152.0,757.37604,5.767768,0.8410687
1402350586.8125,1402350586.875,1.6161199e-09,1402350586.8284912,64.0,384.0,227.18538,4.884195,2.245928
1402350875.28125,1402350875.34375,1.24317e-10,1402350875.3006592,64.0,640.0,268.77625,0.6872234,1.633337
1402215745.0,1402215745.25,1.24317e-10,1402215745.0820923,16.0,192.0,74.21997,4.783789,2.8599925
1402216133.125,1402216133.5,1.24317e-10,1402216133.232666,16.0,192.0,64.81313,1.6829962,0.17884691
1402216236.375,1402216236.625,1.24317e-10,1402216236.4595337,16.0,192.0,68.007965,4.6142144,2.0705013
1402216435.25,1402216435.625,1.24317e-10,1402216435.4158325,16.0,384.0,107.65672,2.2776546,0.25585246
1402216532.25,1402216532.625,1.24317e-10,1402216532.3512573,16.0,192.0,68.642426,4.6633015,1.2965378
1402216626.5,1402216627.625,1.24317e-10,1402216626.9846191,32.0,320.0,71.40941,0.93266034,1.2965378
1402216724.25,1402216725.0,1.24317e-10,1402216724.5596924,16.0,384.0,103.082634,3.9269907,0.17884691
1402216343.015625,1402216343.046875,6.21584e-10,1402216343.0285034,384.0,1152.0,790.1472,4.810564,1.4664403
1402250453.625,1402250454.25,1.6161199e-09,1402250453.9707527,20.0,192.0,76.09148,0.2699806,2.300524
1402250746.75,1402250747.125,1.24317e-10,1402250746.9215088,32.0,896.0,265.7594,0.9817477,1.6751524
1402250949.375,1402250949.875,1.24317e-10,1402250949.6495972,16.0,192.0,67.27818,1.7180586,1.5082557
1402251155.875,1402251156.625,1.24317e-10,1402251156.156433,64.0,384.0,234.84698,1.1780972,1.4664403
1402251346.375,1402251347.375,1.24317e-10,1402251346.909668,32.0,1152.0,590.57904,0.3436117,1.4244412
1402251565.0,1402251565.375,1.24317e-10,1402251565.0968018,24.0,192.0,71.73298,3.583379,1.1638212
1402250846.75,1402250846.875,1.24317e-10,1402250846.8007202,640.0,1472.0,1249.6742,2.7845936,2.8599925
1402448482.25,1402448483.5,1.24317e-10,1402448482.821144,896.0,1856.0,1348.239,3.422092,0.35914433
1402448576.0,1402448576.625,1.24317e-10,1402448576.2812805,32.0,192.0,71.09453,5.3894563,0.7579643
1402448822.0,1402448822.375,6.21584e-10,1402448822.128418,16.0,192.0,81.51544,2.0371265,1.5707964
1402449548.4375,1402449548.75,1.24317e-10,1402449548.5583496,1088.0,1664.0,1300.9547,1.4480779,1.3609258
1402448685.9375,1402448686.0625,2.48634e-09,1402448685.978485,32.0,640.0,258.27228,2.405282,1.88862
1402449146.8828125,1402449146.8984375,6.21584e-10,1402449146.8877563,896.0,1984.0,1473.2958,5.6186175,2.808351
1402504990.125,1402504990.5,2.2377e-09,1402504990.2791748,16.0,48.0,24.03311,1.4971652,1.5707964
1402504893.5,1402504893.75,1.24317e-10,1402504893.5827713,896.0,1664.0,1284.3776,4.1724277,1.8020179
1402505787.5625,1402505787.65625,1.24317e-10,1402505787.6062622,64.0,448.0,238.7254,4.6878457,2.000572
1402505689.875,1402505691.0,1.24317e-10,1402505690.3375854,128.0,1600.0,431.6414,4.3687773,1.2529727
1402254301.75,1402254302.875,1.24317e-10,1402254302.2619934,32.0,192.0,69.93221,2.25802,2.1682029
1402254394.625,1402254395.5,1.24317e-10,1402254395.0041504,64.0,384.0,234.93983,5.9641175,0.8410687
1402254578.75,1402254579.0,1.24317e-10,1402254578.8292847,208.0,288.0,235.05502,1.8653207,0.8686821
1402254788.875,1402254789.625,1.24317e-10,1402254789.2328491,32.0,1216.0,307.32474,0.2617994,0.23014726
1402254884.25,1402254885.25,1.24317e-10,1402254884.7994995,64.0,640.0,422.69946,4.1969714,0.9479698
1402255085.625,1402255086.375,1.24317e-10,1402255085.925537,128.0,384.0,235.05632,2.6998062,0.4111379
1402255182.75,1402255183.375,1.24317e-10,1402255182.876587,16.0,192.0,77.13649,4.6633015,2.1186233
1402254487.0,1402254487.25,1.24317e-10,1402254487.1244202,64.0,640.0,241.16551,3.0925052,1.88862
1402254108.21875,1402254108.25,1.24317e-10,1402254108.225296,384.0,1216.0,754.1123,0.3926991,1.845055
1402237234.0,1402237235.125,1.24317e-10,1402237234.500515,32.0,320.0,70.18513,5.1541753,1.3395748
1402237339.375,1402237340.125,1.24317e-10,1402237339.6260376,32.0,384.0,152.0699,2.8470683,2.5192242
1402237549.625,1402237550.125,1.24317e-10,1402237549.877472,32.0,192.0,70.97568,0.35207504,2.3836286
1402237961.75,1402237962.125,1.24317e-10,1402237961.8616333,32.0,704.0,318.84003,2.2334762,1.6961243
1402237445.875,1402237446.0625,2.48634e-10,1402237445.940506,32.0,192.0,79.91473,0.19634955,1.4244412
1402238258.5,1402238258.625,1.24317e-10,1402238258.534912,16.0,192.0,104.53656,4.6633015,2.1682029
1402237659.375,1402237660.125,1.24317e-10,1402237659.6262207,56.0,1424.0,850.87177,5.0789084,0.38510814
1402362274.0,1402362274.25,1.24317e-10,1402362274.0723572,32.0,448.0,238.93974,0.32339925,2.7043543
1402362560.75,1402362561.25,1.74044e-09,1402362561.0339355,32.0,896.0,304.8344,5.751142,2.328389
1402362669.125,1402362669.5,1.24317e-10,1402362669.2858276,16.0,192.0,54.65357,2.25802,2.9371123
1402362854.375,1402362855.0,1.24317e-10,1402362854.5631714,320.0,640.0,423.77795,0.7117671,1.6542263
1402362952.9375,1402362953.25,6.21584e-10,1402362953.0653687,32.0,384.0,135.88982,2.3071072,2.0705013
1402363045.0625,1402363045.5,1.24317e-10,1402363045.222412,16.0,384.0,101.46765,1.190765,2.328389
1402363148.625,1402363148.875,1.24317e-10,1402363148.6680908,128.0,384.0,238.5765,0.2699806,1.4873664
1402362762.046875,1402362762.15625,1.24317e-10,1402362762.0962524,384.0,1216.0,796.4687,5.5763273,0.25585246
1402429270.3125,1402429270.96875,1.24317e-10,1402429270.5571365,64.0,1600.0,863.18585,4.6878457,2.0469153
1402429577.5,1402429578.125,1.24317e-10,1402429577.6730652,32.0,192.0,70.840065,4.8596516,1.633337
1402429674.875,1402429676.0,1.24317e-10,1402429675.336029,48.0,88.0,70.18013,1.6689711,1.0229695
1402430069.125,1402430069.75,1.24317e-10,1402430069.4674072,16.0,384.0,105.36087,4.344234,1.7382444
1402430159.375,1402430160.25,1.24317e-10,1402430159.7919922,896.0,1728.0,1343.378,3.1976926,0.35914433
1402430258.375,1402430258.75,1.24317e-10,1402430258.5616455,64.0,384.0,162.36572,2.977968,0.6223685
1402429961.6875,1402429961.875,1.24317e-10,1402429961.7337036,576.0,960.0,761.99646,6.071732,2.4653792
1402356017.0,1402356017.875,1.24317e-10,1402356017.3893242,128.0,704.0,424.90558,1.9634954,1.9328191
1402356216.0,1402356216.5,1.24317e-10,1402356216.0673828,32.0,192.0,71.015335,3.0811775,0.33324155
1402356310.625,1402356311.5,1.24317e-10,1402356311.005066,64.0,1472.0,872.6634,0.5890486,2.6255763
1402356519.25,1402356519.875,1.24317e-10,1402356519.6016846,128.0,384.0,235.68472,2.177695,2.572607
1402356617.875,1402356618.625,1.24317e-10,1402356618.2145386,16.0,384.0,103.27763,1.5707964,1.8020179
1402356717.875,1402356719.25,1.24317e-10,1402356718.3007202,32.0,192.0,70.27642,5.9811096,0.33324155
1402356111.1875,1402356111.5,1.24317e-10,1402356111.2933884,128.0,1408.0,760.7603,2.797981,2.730455
1402356826.9375,1402356827.125,1.24317e-10,1402356826.9785156,320.0,1408.0,781.89374,4.6338496,2.88574
1402357029.90625,1402357030.0625,1.24317e-10,1402357029.9527588,896.0,1664.0,1270.1144,0.7853982,1.7594128
1402220852.0,1402220852.5,1.24317e-10,1402220852.1646729,48.0,704.0,305.34448,0.49087384,0.20448022
1402221060.875,1402221061.5,1.24317e-10,1402221061.163391,320.0,640.0,425.24042,2.7845936,2.8599925
1402221262.0625,1402221262.09375,7.45901e-10,1402221262.06958,1088.0,1664.0,1298.8835,1.8898644,1.4033483
1402240801.625,1402240802.125,1.24317e-10,1402240801.9378338,32.0,704.0,277.21338,1.4480779,1.0946773
1402240907.0,1402240907.625,1.11885e-09,1402240907.3017273,128.0,384.0,235.6461,2.3071072,1.7594128
1402241005.0,1402241005.25,1.24317e-10,1402241005.0962982,32.0,384.0,109.335884,5.0560007,2.730455
1402241197.375,1402241198.0,2.3620201e-09,1402241197.6319885,32.0,96.0,69.92108,1.521709,1.0229695
1402241711.0,1402241712.0,1.24317e-10,1402241711.4188232,32.0,1664.0,850.0512,2.4543693,1.88862
1402241811.1875,1402241811.4375,1.24317e-10,1402241811.2582397,128.0,384.0,241.66367,5.203263,2.5192242
1402241098.984375,1402241099.125,2.48634e-09,1402241099.0315247,16.0,384.0,106.76629,1.8206959,0.56898564
1402241916.3984375,1402241916.46875,1.24317e-10,1402241916.4171143,640.0,2016.0,1531.9386,1.7849959,0.28160024
1402209716.9375,1402209717.5,1.24317e-10,1402209717.1702347,32.0,896.0,240.3366,2.6261752,2.300524
1402209824.125,1402209824.5,1.24317e-10,1402209824.2528076,16.0,192.0,69.88074,2.8610935,2.7824485
1402209933.21875,1402209933.5,1.24317e-10,1402209933.2914734,16.0,192.0,86.55336,2.72435,2.0469153
1402210334.625,1402210335.15625,1.24317e-10,1402210334.807495,192.0,1392.0,785.47595,4.5896707,2.0469153
1402416362.375,1402416363.25,1.24317e-10,1402416362.7641602,32.0,96.0,70.09462,6.1359234,1.0229695
1402416563.125,1402416563.875,1.24317e-10,1402416563.454956,320.0,640.0,424.77258,0.22089325,1.4454684
1402416779.25,1402416779.75,1.24317e-10,1402416779.5222168,128.0,384.0,235.76605,0.7853982,1.3395748
1402417091.375,1402417092.25,1.24317e-10,1402417091.7978516,32.0,1152.0,602.03424,2.9206994,2.143215
1402417196.125,1402417196.625,1.24317e-10,1402417196.3406982,128.0,384.0,236.30922,1.3008157,2.0469153
1402416176.125,1402416176.3125,1.24317e-10,1402416176.1726532,64.0,384.0,242.17787,5.7491145,2.4923625
1402416069.5546875,1402416069.65625,2.48634e-10,1402416069.573372,896.0,2032.0,1633.3926,4.0497093,0.8956648
1402416267.765625,1402416267.84375,1.24317e-10,1402416267.784729,128.0,1216.0,747.4175,0.17180584,1.4454684
1402322563.125,1402322563.375,1.24317e-10,1402322563.2109222,16.0,192.0,100.93497,1.8162333,1.7171515
1402322779.0,1402322779.625,1.24317e-10,1402322779.1731873,16.0,192.0,78.86755,3.534292,0.15324302
1402322887.875,1402322888.25,1.24317e-10,1402322888.052948,128.0,384.0,235.36107,3.6324666,1.5499616
1402323521.875,1402323522.375,1.24317e-10,1402323522.000122,64.0,448.0,232.75162,1.4235342,1.1638212
1402323096.2578125,1402323096.625,6.21584e-10,1402323096.4050293,32.0,896.0,244.45354,3.5062418,0.7305738
1402303233.4375,1402303233.75,1.24317e-10,1402303233.5800934,32.0,704.0,312.92807,5.522331,2.193623
1402303526.125,1402303526.375,1.24317e-10,1402303526.1729736,128.0,384.0,232.08115,5.0560007,1.8020179
1402304226.125,1402304226.5,1.24317e-10,1402304226.2607422,64.0,448.0,241.09995,3.7616441,0.48967242
1402304319.625,1402304320.0,1.24317e-10,1402304319.7596436,64.0,384.0,233.20647,0.5890486,3.0394864
1402304034.34375,1402304034.5,6.21584e-10,1402304034.397705,16.0,192.0,81.01678,0.883573,1.5499616
1402303342.375,1402303342.4375,1.24317e-10,1402303342.39682,384.0,1216.0,808.6482,3.85336,1.5707964
1402317774.0,1402317774.75,1.24317e-10,1402317774.3495026,32.0,1152.0,590.2792,4.6142144,1.5082557
1402317873.5,1402317874.25,1.24317e-10,1402317873.8760986,16.0,960.0,248.29285,2.25802,2.1682029
1402318068.5,1402318068.875,1.24317e-10,1402318068.6354675,16.0,416.0,86.39732,1.7916895,1.1863996
1402318564.125,1402318565.0,1.24317e-10,1402318564.5114136,32.0,1408.0,322.75113,0.564505,1.5291177
1402318259.75,1402318260.375,2.2377e-09,1402318260.0778809,1248.0,2032.0,1768.7856,0.8099419,1.3609258
1402318767.953125,1402318768.0,6.21584e-10,1402318767.9744873,640.0,1984.0,1487.2891,4.884195,1.5707964
1402411221.25,1402411221.75,1.24317e-10,1402411221.4044876,32.0,704.0,300.0514,3.43095,0.48967242
1402411331.75,1402411332.5,1.24317e-10,1402411332.046875,96.0,384.0,236.12785,2.0371265,0.99837774
1402411440.0,1402411440.875,1.24317e-10,1402411440.3601532,20.0,1920.0,832.9982,5.2278066,1.9106333
1402411536.125,1402411536.625,1.24317e-10,1402411536.2627258,64.0,480.0,402.0176,4.246059,1.612475
1402412259.5,1402412260.0,1.24317e-10,1402412259.6921387,16.0,384.0,144.15067,4.417865,1.845055
1402411959.71875,1402411959.875,1.24317e-10,1402411959.7590332,16.0,192.0,72.902756,1.12901,1.6751524
1402412368.25,1402412369.625,1.24317e-10,1402412368.935913,896.0,1728.0,1344.5435,5.623451,0.6492301
1402482066.6875,1402482067.125,1.24317e-10,1402482066.8787003,32.0,832.0,237.92569,1.749296,0.56898564
1402482404.625,1402482405.375,1.24317e-10,1402482404.8646545,32.0,192.0,71.22748,0.18699957,2.5991404
1402482606.25,1402482607.125,1.24317e-10,1402482606.609192,16.0,384.0,102.60672,3.8779035,1.0229695
1402482910.0625,1402482910.375,1.24317e-10,1402482910.15979,16.0,320.0,87.093704,2.9206994,2.143215
1402483119.25,1402483119.75,1.24317e-10,1402483119.458252,32.0,384.0,149.35013,4.7369328,1.3609258
1402482808.796875,1402482809.203125,1.24317e-10,1402482808.9656982,416.0,1344.0,869.07294,0.2945243,1.4244412
1402482269.375,1402482269.453125,1.24317e-10,1402482269.393402,32.0,640.0,231.74815,1.7180586,1.6751524
1402482710.125,1402482710.21875,1.24317e-10,1402482710.1505737,64.0,384.0,231.6758,3.0188744,2.143215
1402446187.5,1402446187.875,1.24317e-10,1402446187.6415558,48.0,896.0,276.5678,0.2699806,2.245928
1402446783.5,1402446784.75,1.24317e-10,1402446784.0488281,32.0,192.0,70.046906,1.6935148,1.2309594
1402446982.75,1402446983.125,1.24317e-10,1402446982.8550415,128.0,384.0,236.78397,0.3926991,2.6781778
1402446290.40625,1402446291.0,6.21584e-10,1402446290.7202454,1432.0,2044.0,1817.9495,2.9125183,2.5192242
1402446490.875,1402446491.0,1.24317e-10,1402446490.9056396,1056.0,1472.0,1299.0394,5.852483,0.8132037
1402446584.5625,1402446584.65625,1.24317e-10,1402446584.5927124,1088.0,1472.0,1279.8444,0.90811664,1.3181162
1402446685.4375,1402446685.53125,2.48634e-09,1402446685.4736328,16.0,192.0,92.60798,1.4235342,1.1179798
1402447180.46875,1402447180.5625,1.24317e-10,1402447180.5152588,1088.0,1472.0,1271.343,2.1353014,2.143215
1402470129.5,1402470130.0,1.24317e-10,1402470129.557541,32.0,384.0,237.57605,0.319068,1.4873664
1402470480.125,1402470480.875,1.24317e-10,1402470480.4421082,16.0,896.0,248.39542,4.1724277,1.7594128
1402470580.875,1402470581.25,1.24317e-10,1402470580.9977417,128.0,384.0,238.2341,5.129632,1.4033483
1402470685.9375,1402470686.375,1.24317e-10,1402470686.0714722,16.0,192.0,80.45522,6.1113796,0.9479698
1402470021.78125,1402470022.375,6.21584e-10,1402470022.0457268,1472.0,2032.0,1769.4447,4.1969714,1.8667651
1402470236.90625,1402470237.0,1.24317e-10,1402470236.9460602,64.0,448.0,208.1792,5.381432,2.4382668
1402270342.625,1402270343.0,1.24317e-10,1402270342.8009644,128.0,384.0,237.16492,0.060415246,0.33324155
1402270632.5,1402270632.875,1.24317e-10,1402270632.6481323,32.0,192.0,70.339096,2.505794,0.5424523
1402270739.3125,1402270739.5,1.24317e-10,1402270739.3978882,32.0,672.0,269.11298,6.1709857,0.5424523
1402270202.515625,1402270202.5625,1.24317e-09,1402270202.5314102,64.0,448.0,218.73811,0.09817477,1.38218
1402321486.625,1402321487.0,1.24317e-10,1402321486.796997,32.0,704.0,247.17049,2.9943304,2.1682029
1402321881.0,1402321881.5,1.24317e-10,1402321881.1826172,128.0,384.0,234.3931,2.4543693,2.9371123
1402322076.0,1402322076.25,1.24317e-10,1402322076.062683,32.0,96.0,70.124756,5.3996124,0.9733899
1402322270.125,1402322270.5,1.24317e-10,1402322270.265747,896.0,1664.0,1283.7128,2.9206994,2.143215
1402321684.8125,1402321685.125,1.24317e-10,1402321684.9781494,448.0,1104.0,770.2656,3.3624861,1.1863996
1402321975.3515625,1402321975.3632812,1.36748e-09,1402321975.3544922,1152.0,1920.0,1565.4629,5.7334065,0.25585246
1402453209.0,1402453210.125,1.24317e-10,1402453209.535471,32.0,1728.0,827.06946,5.7334065,0.785505
1402453305.125,1402453305.625,1.24317e-10,1402453305.3863907,128.0,896.0,652.14825,2.3071072,2.219516
1402453511.5,1402453512.25,1.24317e-10,1402453511.7950745,32.0,1472.0,351.73843,1.9880391,1.9551933
1402453607.0,1402453607.875,1.24317e-10,1402453607.379181,24.0,96.0,69.834595,4.1233406,1.6751524
1402453712.5625,1402453713.125,1.24317e-10,1402453712.7878418,1056.0,1584.0,1330.4899,4.565127,1.7171515
1402453415.71875,1402453416.5,1.24317e-10,1402453415.9855957,64.0,752.0,235.57445,4.147884,1.612475
1402454203.2109375,1402454203.234375,6.21584e-10,1402454203.216919,1088.0,1920.0,1552.9705,5.3668876,0.15324302
1402308005.125,1402308006.0,1.24317e-10,1402308005.4597406,32.0,1472.0,342.85724,5.3505254,1.4664403
1402308336.5625,1402308337.25,1.24317e-10,1402308336.7518005,16.0,448.0,135.73521,1.7180586,1.633337
1402308650.25,1402308650.625,1.24317e-10,1402308650.3897095,128.0,384.0,233.83237,0.049087387,1.38218
1402308851.5,1402308852.25,1.24317e-10,1402308851.8787842,16.0,192.0,64.81902,6.0622926,0.8410687
1402309050.375,1402309051.5,1.24317e-10,1402309050.6345215,32.0,1440.0,331.2178,2.1908476,2.6519203
1402309148.0,1402309148.375,7.45901e-10,1402309148.1135254,32.0,192.0,70.16059,1.9770368,0.7579643
1402440467.875,1402440468.375,1.24317e-10,1402440468.0300903,32.0,896.0,228.0568,4.0497093,1.6542263
1402440572.375,1402440573.125,1.24317e-10,1402440572.6727295,32.0,1088.0,599.60834,5.628687,2.9883497
1402440773.5,1402440773.875,1.24317e-10,1402440773.5907593,32.0,704.0,296.29877,2.4543693,1.88862
1402441079.375,1402441079.75,1.24317e-10,1402441079.5343018,32.0,896.0,244.10373,3.509748,1.7382444
1402441189.125,1402441190.0,1.24317e-10,1402441189.6101074,1088.0,1664.0,1354.0111,0.15707964,0.38510814
1402440988.125,1402440988.375,1.24317e-10,1402440988.234375,64.0,320.0,156.23878,3.6019986,0.7579643
1402440174.296875,1402440174.3203125,2.3620201e-09,1402440174.3061218,896.0,1984.0,1544.1079,3.534292,1.2087735
1402475006.75,1402475007.25,1.24317e-10,1402475007.0382538,16.0,384.0,105.552376,1.1044662,1.5707964
1402475206.25,1402475206.875,1.24317e-10,1402475206.4439697,48.0,448.0,241.09811,0.5399612,1.633337
1402475309.25,1402475310.125,1.24317e-10,1402475309.6437988,64.0,1664.0,871.8018,0.3926991,1.3395748
1402475618.125,1402475619.375,1.24317e-10,1402475618.5975952,32.0,192.0,69.9809,4.8351073,0.99837774
1402475823.875,1402475824.875,1.24317e-10,1402475824.291748,128.0,640.0,422.92346,1.4726217,1.9777715
1402474897.625,1402474897.8125,1.24317e-10,1402474897.688652,896.0,1664.0,1284.9231,5.2523503,1.3395748
1402475921.625,1402475921.6875,7.45901e-10,1402475921.633545,32.0,192.0,113.657906,1.8206959,0.56898564
1402475414.1875,1402475415.125,1.24317e-10,1402475414.618225,32.0,1152.0,605.97943,5.0003686,2.3560877
1402274522.375,1402274522.875,1.24317e-10,1402274522.6098175,16.0,384.0,79.46614,2.913574,2.328389
1402274729.875,1402274730.75,1.24317e-10,1402274730.2940063,32.0,1664.0,325.58426,5.301438,0.92207664
1402275137.375,1402275138.0,1.24317e-10,1402275137.6532593,64.0,968.0,609.7389,4.1296744,0.8132037
1402275242.0,1402275243.125,1.24317e-10,1402275242.3239136,48.0,1520.0,858.77704,2.3561945,0.07656526
1402274622.625,1402274622.875,1.24317e-10,1402274622.7635345,64.0,1152.0,320.1406,0.049087387,0.4111379
1402274925.5625,1402274925.6875,6.21584e-10,1402274925.6481323,64.0,704.0,242.1748,1.3989905,1.1410209
1402294941.375,1402294942.125,1.24317e-10,1402294941.735382,64.0,640.0,424.9655,3.5588355,1.0471976
1402295159.75,1402295161.0,1.24317e-10,1402295160.3322449,32.0,96.0,69.90199,5.203263,1.5499616
1402295459.75,1402295460.125,1.36748e-09,1402295459.8129883,32.0,192.0,79.68816,6.002686,2.7824485
1402295569.5,1402295570.0,1.24317e-10,1402295569.704895,16.0,224.0,69.679245,1.9389517,1.0946773
1402295660.75,1402295662.375,1.24317e-10,1402295661.6844482,896.0,1728.0,1343.2278,2.4543693,2.9371123
1402295858.5,1402295859.375,1.24317e-10,1402295858.8754883,32.0,1728.0,816.5823,3.9024472,1.4454684
1402295949.375,1402295949.875,1.24317e-10,1402295949.645874,32.0,192.0,71.687,4.6633015,2.1186233
1402295034.625,1402295034.6875,1.24317e-10,1402295034.6392822,32.0,640.0,207.48383,3.681554,1.7171515
1402478577.875,1402478578.25,1.24317e-10,1402478577.9391174,128.0,384.0,235.75266,5.424156,0.9479698
1402478885.125,1402478886.125,1.24317e-10,1402478885.565277,32.0,1216.0,598.0923,4.2706027,1.38218
1402479069.84375,1402479070.46875,1.24317e-10,1402479070.0755005,64.0,1664.0,894.5457,5.767768,0.8410687
1402479170.0,1402479170.375,1.24317e-10,1402479170.1009521,160.0,320.0,233.74922,6.1321473,2.4653792
1402479560.375,1402479561.0,1.24317e-10,1402479560.5352783,32.0,192.0,79.0076,3.2201324,0.785505
1402478779.09375,1402478779.1875,1.24317e-10,1402478779.1339722,1056.0,1664.0,1284.7987,1.8898644,1.3181162
1402479261.4375,1402479261.53125,2.48634e-10,1402479261.4769287,32.0,192.0,117.3531,4.8596516,1.845055
1402479370.625,1402479370.640625,2.48634e-10,1402479370.6296387,1088.0,1984.0,1548.1538,2.8797934,2.7564845
1402478483.046875,1402478483.8125,1.24317e-10,1402478483.4548798,1152.0,2040.0,1762.1023,3.3870296,1.6751524
1402371658.75,1402371659.625,1.24317e-10,1402371659.0964355,32.0,384.0,154.5019,2.969787,2.0943952
1402371767.75,1402371768.25,1.24317e-10,1402371768.0424957,32.0,192.0,77.700195,5.424156,0.9479698
1402372386.625,1402372386.875,1.24317e-10,1402372386.71521,16.0,192.0,73.235344,1.9634954,2.6781778
1402372481.0,1402372481.625,1.24317e-10,1402372481.1730957,16.0,224.0,69.484344,6.1377416,0.70332605
1402372679.25,1402372679.7578125,1.24317e-10,1402372679.4866943,64.0,704.0,162.19852,2.1353014,2.0943952
1402371871.6875,1402371871.9375,1.24317e-10,1402371871.7473755,64.0,448.0,248.26454,2.8961558,2.730455
1402372069.875,1402372071.0,1.24317e-10,1402372070.3796387,1088.0,1664.0,1343.5853,2.2334762,1.6961243
1402354864.625,1402354865.0,1.24317e-10,1402354864.7147217,64.0,448.0,233.68457,5.1787195,1.612475
1402354965.75,1402354966.25,1.24317e-10,1402354965.9980774,32.0,640.0,180.35274,0.883573,2.219516
1402355107.125,1402355107.5,1.24317e-10,1402355107.2630615,160.0,896.0,657.06647,6.2177353,0.30739504
1402355525.375,1402355525.75,1.24317e-10,1402355525.5324097,32.0,896.0,243.86006,2.9943304,2.219516
1402355328.6875,1402355328.875,1.24317e-10,1402355328.800415,64.0,448.0,206.81747,3.2201324,2.88574
1402355203.84375,1402355203.875,7.45901e-10,1402355203.8535767,32.0,384.0,161.24313,0.564505,1.9106333
1402355923.0,1402355924.0,1.24317e-10,1402355923.423584,896.0,1664.0,1340.8483,2.0371265,1.8667651
1402248191.0,1402248191.5,1.24317e-10,1402248191.178131,32.0,896.0,324.4325,3.6570103,1.2309594
1402248297.9375,1402248299.25,1.24317e-10,1402248298.5299072,896.0,1728.0,1348.1034,4.393321,1.3609258
1402248406.125,1402248407.0,1.24317e-10,1402248406.544342,64.0,1856.0,828.0183,3.779729,1.3395748
1402248515.1875,1402248515.75,1.24317e-10,1402248515.2820435,128.0,384.0,234.5991,0.24543692,1.4244412
1402248726.0,1402248726.625,1.24317e-10,1402248726.2531128,16.0,896.0,249.58589,1.0553788,1.3609258
1402249140.5,1402249141.0,1.24317e-10,1402249140.7574463,16.0,192.0,66.797226,5.301438,1.4244412
1402248091.515625,1402248091.625,2.48634e-10,1402248091.5587387,1088.0,1472.0,1299.744,2.8961558,2.1186233
1402466408.5,1402466408.875,1.24317e-10,1402466408.5889606,32.0,192.0,71.2305,1.8653207,1.3395748
1402466500.625,1402466501.125,1.24317e-10,1402466500.876854,16.0,192.0,75.46139,3.0925052,2.730455
1402466603.75,1402466604.125,1.24317e-10,1402466603.8719788,16.0,192.0,79.66789,1.7520422,0.33324155
1402466817.875,1402466818.375,1.24317e-10,1402466818.0664368,32.0,1408.0,302.25824,0.05609987,2.7824485
1402467225.75,1402467226.5,6.21584e-10,1402467226.0581055,24.0,96.0,68.86136,2.9105933,2.7043543
1402467535.875,1402467536.25,1.24317e-10,1402467535.947998,64.0,224.0,143.14903,0.6872234,1.3395748
1402466920.1367188,1402466920.375,1.24317e-10,1402466920.2315674,64.0,704.0,266.28003,2.3169248,2.6255763
1402213272.5,1402213273.0,1.24317e-10,1402213272.7701569,32.0,1216.0,342.79538,5.2883477,2.7564845
1402213375.75,1402213377.0,1.24317e-10,1402213376.2393036,896.0,1664.0,1346.4502,0.5399612,1.5499616
1402213769.125,1402213770.0,1.24317e-10,1402213769.5134888,128.0,640.0,424.737,5.454154,0.46341488
1402214156.8125,1402214157.125,1.24317e-10,1402214156.8932495,16.0,192.0,60.916668,2.969787,2.143215
1402214267.375,1402214267.875,1.24317e-10,1402214267.661377,32.0,384.0,155.46991,0.1308997,2.6781778
1402501662.8125,1402501663.625,1.24317e-10,1402501663.0595703,128.0,1504.0,900.3211,5.3505254,0.9733899
1402501946.625,1402501947.0,1.24317e-10,1402501946.7877808,16.0,384.0,107.675896,4.638758,0.8956648
1402502244.5,1402502244.75,1.24317e-10,1402502244.5524902,128.0,384.0,237.38954,2.6884785,0.67621374
1402501250.34375,1402501250.5625,6.21584e-10,1402501250.4257011,16.0,192.0,106.98388,3.095393,2.7043543
1402502341.96875,1402502342.0625,1.24317e-10,1402502341.9851074,1088.0,1664.0,1299.4393,1.3989905,1.0946773
1402501348.5546875,1402501349.125,1.24317e-10,1402501348.74057,64.0,896.0,661.0581,1.8653207,1.6751524
1402437682.25,1402437683.0,1.24317e-10,1402437682.6140518,32.0,1088.0,596.71124,0.024543693,2.245928
1402437791.875,1402437792.25,2.48634e-10,1402437791.970642,32.0,384.0,155.10503,4.147884,1.5707964
1402437889.875,1402437890.625,1.24317e-10,1402437890.1657104,1088.0,1664.0,1351.2379,5.0489883,2.962746
1402437994.625,1402437995.75,1.24317e-10,1402437995.168213,32.0,192.0,70.50774,4.9823694,2.245928
1402438536.5,1402438537.0,1.24317e-10,1402438536.7861328,16.0,896.0,245.60423,2.9206994,2.0943952
1402438734.3125,1402438734.875,1.24317e-10,1402438734.4558105,16.0,384.0,78.897575,0.564505,2.0469153
1402438099.875,1402438100.125,6.21584e-10,1402438099.940216,32.0,640.0,214.71805,5.281126,2.3836286
1402438306.40625,1402438306.53125,1.24317e-10,1402438306.4284668,32.0,640.0,260.58514,1.2517284,2.0469153
1402374072.75,1402374073.0,1.24317e-10,1402374072.8225403,32.0,192.0,68.781525,2.8470683,2.5192242
1402374182.25,1402374182.875,6.21584e-10,1402374182.4911652,32.0,448.0,116.28876,2.7488935,2.6781778
1402374592.625,1402374593.25,1.24317e-10,1402374592.878601,16.0,480.0,141.6887,3.5588355,1.612475
1402374893.0,1402374893.25,1.24317e-10,1402374893.0355225,32.0,192.0,71.21172,1.6198838,1.5916312
1402374798.90625,1402374799.5,1.24317e-10,1402374799.2017212,1152.0,1664.0,1343.1981,1.4971652,1.6542263
1402414965.375,1402414966.125,1.24317e-10,1402414965.7393646,32.0,1472.0,339.2644,2.1107576,1.5082557
1402415169.0,1402415169.5,1.24317e-10,1402415169.1331482,32.0,896.0,220.28384,2.1535113,0.8132037
1402415363.25,1402415363.625,1.24317e-10,1402415363.3221436,32.0,192.0,70.2856,1.1780972,1.2087735
1402415465.3125,1402415465.8125,1.24317e-10,1402415465.6223755,384.0,2040.0,1512.1471,5.376957,0.33324155
1402415764.625,1402415765.5,2.48634e-10,1402415764.9761353,16.0,640.0,109.444756,2.1145337,2.808351
1402415968.0,1402415968.75,6.21584e-10,1402415968.326538,48.0,88.0,69.79442,4.957826,1.5499616
1402415660.9375,1402415661.03125,1.24317e-10,1402415660.9818726,896.0,1664.0,1304.7894,2.1598449,0.10210642
1402415556.9160156,1402415556.9257812,1.36748e-09,1402415556.9208984,1152.0,1984.0,1571.171,4.393321,1.2748276
1402358736.375,1402358736.625,1.24317e-10,1402358736.4393616,32.0,192.0,71.45244,3.7306414,1.1179798
1402358939.625,1402358940.625,1.24317e-10,1402358940.0009766,32.0,1312.0,585.1048,0.8590293,1.9551933
1402359030.75,1402359031.125,1.24317e-10,1402359030.8858032,128.0,384.0,237.14252,6.037749,1.0229695
1402359223.5,1402359223.875,6.21584e-10,1402359223.6432495,32.0,192.0,78.945,1.7180586,1.5082557
1402359523.625,1402359523.875,2.3620201e-09,1402359523.7197266,32.0,192.0,70.079994,3.583379,1.5499616
1402358528.71875,1402358528.8125,1.24317e-10,1402358528.7623444,1088.0,1664.0,1280.1304,4.6633015,1.5082557
1402359127.75,1402359128.875,1.24317e-10,1402359128.1356812,1088.0,1728.0,1341.4305,0.883573,1.38218
1402298683.25,1402298683.75,1.24317e-10,1402298683.5228271,32.0,192.0,78.82993,3.6324666,1.1638212
1402298892.875,1402298893.5,6.21584e-10,1402298893.052765,16.0,96.0,25.652124,4.074253,0.4111379
1402299102.5,1402299103.125,1.24317e-10,1402299102.7642822,64.0,672.0,421.8807,3.1829295,0.48967242
1402299306.3125,1402299306.75,1.24317e-10,1402299306.4585571,128.0,1408.0,785.7494,2.1598449,1.5082557
1402299411.5,1402299411.6875,1.11885e-09,1402299411.5891113,16.0,288.0,76.26981,4.074253,1.8020179
1402298464.3867188,1402298464.4375,6.21584e-10,1402298464.4152374,32.0,640.0,220.51282,4.8596516,1.4244412
1402298783.4375,1402298784.25,7.45901e-10,1402298783.8201904,1120.0,2032.0,1702.623,1.9073956,0.5424523
1402418553.5,1402418554.625,1.24317e-10,1402418554.0360565,128.0,640.0,423.41806,4.025166,1.5916312
1402418742.6875,1402418743.375,1.24317e-10,1402418742.9189758,288.0,640.0,422.3164,4.9238424,2.4653792
1402419128.125,1402419128.875,1.24317e-10,1402419128.4464111,16.0,384.0,104.187256,4.246059,1.4033483
1402419222.75,1402419224.125,1.24317e-10,1402419223.480957,896.0,1920.0,1343.6216,5.301438,1.4664403
1402419419.25,1402419419.875,1.24317e-10,1402419419.510254,16.0,192.0,80.95545,3.2397676,1.7171515
1402418936.15625,1402418936.3125,1.24317e-10,1402418936.218567,320.0,1408.0,805.0767,0.883573,1.38218
1402232440.75,1402232441.5,1.24317e-10,1402232441.0480232,32.0,896.0,249.38683,1.8653207,1.8020179
1402232547.625,1402232548.0,1.24317e-10,1402232547.784195,32.0,192.0,70.88532,3.755185,1.5707964
1402232642.5,1402232642.875,1.24317e-10,1402232642.653061,32.0,384.0,156.991,5.031457,1.9551933
1402232850.0,1402232850.25,1.24317e-10,1402232850.0535583,32.0,384.0,110.62763,3.509748,1.6961243
1402233044.625,1402233045.375,1.24317e-10,1402233044.932312,32.0,1216.0,589.7097,3.2152238,0.9479698
1402233141.125,1402233141.875,1.24317e-10,1402233141.461975,48.0,112.0,69.861946,4.1233406,1.845055
1402233233.75,1402233234.25,1.24317e-10,1402233234.022461,16.0,192.0,66.669624,3.2986724,0.12766427
1402233342.375,1402233343.125,1.24317e-10,1402233342.6358032,128.0,384.0,235.64458,5.2883477,0.38510814
1402233575.4375,1402233576.0,1.24317e-10,1402233575.6330566,32.0,896.0,252.03183,3.8042724,1.6542263
1402233445.15625,1402233445.3125,1.24317e-10,1402233445.196045,32.0,1152.0,286.29895,2.4927855,0.59562236
1402286702.75,1402286703.25,1.24317e-10,1402286703.0098572,32.0,896.0,248.53928,2.633394,0.43723843
1402286913.125,1402286914.375,1.24317e-10,1402286913.666626,896.0,1728.0,1344.8203,4.246059,1.3181162
1402287310.625,1402287311.375,1.24317e-10,1402287310.9694824,1088.0,1664.0,1348.7988,0.17180584,2.0469153
1402286594.125,1402286594.3125,1.24317e-10,1402286594.1867828,64.0,576.0,254.50543,3.2926307,0.67621374
1402287213.5625,1402287213.75,1.24317e-10,1402287213.6559448,896.0,1664.0,1292.3021,2.7052603,2.4382668
1402287419.90625,1402287420.03125,1.24317e-10,1402287419.9562988,832.0,2032.0,1589.9305,0.5399612,1.9328191
1402287518.5,1402287518.9375,1.24317e-10,1402287518.701294,192.0,928.0,640.26306,5.4732437,1.0946773
1402488248.5,1402488248.875,1.24317e-10,1402488248.6708984,64.0,384.0,160.8766,5.9075603,2.5459704
1402488554.5,1402488555.25,1.24317e-10,1402488554.7842407,128.0,384.0,235.41763,6.2270856,0.35914433
1402488661.75,1402488662.0,1.24317e-10,1402488661.8079224,16.0,384.0,109.002075,4.957826,1.633337
1402488768.125,1402488768.625,1.24317e-10,1402488768.2037354,64.0,384.0,234.11343,4.098797,1.8234766
1402488961.875,1402488962.3125,1.24317e-10,1402488962.0618286,384.0,896.0,693.5027,2.0371265,1.1863996
1402488448.5,1402488448.6875,2.48634e-10,1402488448.5199585,16.0,384.0,145.68118,4.074253,1.7594128
1402489161.21875,1402489161.25,1.24317e-10,1402489161.2231445,384.0,1152.0,792.6566,6.1359234,0.8686821
1402488867.125,1402488867.875,1.24317e-10,1402488867.4455566,192.0,992.0,654.5832,4.1233406,1.8020179
1402363251.75,1402363252.625,1.24317e-10,1402363252.3511124,32.0,384.0,163.20294,1.1535536,1.4873664
1402363447.0,1402363447.75,1.24317e-10,1402363447.5341492,16.0,192.0,77.41376,0.24374425,2.3836286
1402363547.4375,1402363547.875,1.24317e-10,1402363547.6593933,32.0,192.0,75.49549,1.8653207,1.3395748
1402363650.375,1402363651.0,2.2377e-09,1402363650.5271912,16.0,192.0,60.71209,1.9111356,0.785505
1402364068.0,1402364068.25,1.24317e-10,1402364068.051941,32.0,192.0,79.15598,4.810564,1.5916312
1402364177.0,1402364178.625,1.24317e-10,1402364177.7194824,896.0,1728.0,1344.1665,0.8099419,2.0943952
1402364269.375,1402364270.25,1.24317e-10,1402364269.782837,32.0,1216.0,593.495,4.074253,1.1638212
1402364371.875,1402364372.875,1.24317e-10,1402364372.3851318,32.0,1664.0,820.0524,2.050762,2.6781778
1402363859.125,1402363859.75,1.24317e-10,1402363859.4799805,16.0,1728.0,264.19632,0.33659923,2.5991404
1402236250.875,1402236251.625,1.24317e-10,1402236251.220459,128.0,896.0,422.94412,0.90811664,2.193623
1402236348.875,1402236349.625,6.21584e-10,1402236349.2123413,16.0,192.0,62.92028,3.8042724,1.0471976
1402236442.375,1402236443.75,1.24317e-10,1402236443.1083374,896.0,1728.0,1345.3945,3.9269907,0.28160024
1402236654.625,1402236655.375,1.24317e-10,1402236655.0132446,64.0,1648.0,908.7491,5.329488,0.35914433
1402236847.625,1402236848.25,1.24317e-10,1402236848.0274658,32.0,640.0,244.87685,4.8694687,2.7564845
1402236940.875,1402236941.75,1.24317e-10,1402236941.300232,64.0,384.0,233.80598,4.1724277,1.633337
1402237134.375,1402237135.25,1.24317e-10,1402237134.815796,1088.0,1664.0,1342.0541,2.984513,0.38510814
1402410063.625,1402410064.375,1.24317e-10,1402410063.9008713,32.0,192.0,69.93797,0.9817477,1.38218
1402410162.25,1402410162.625,1.24317e-10,1402410162.3313446,16.0,192.0,76.45566,5.9150305,0.9479698
1402410371.625,1402410372.0,1.24317e-10,1402410371.7043457,16.0,96.0,28.124384,6.002686,0.35914433
1402410467.5,1402410467.75,1.24317e-10,1402410467.5793457,16.0,192.0,79.47569,4.883128,2.5459704
1402410569.875,1402410570.25,1.24317e-10,1402410569.994812,16.0,192.0,76.827545,1.6198838,1.2965378
1402410974.0,1402410975.125,1.24317e-10,1402410974.4034424,32.0,1216.0,592.1412,2.5280004,2.143215
1402410669.46875,1402410669.5625,2.48634e-10,1402410669.5021973,32.0,384.0,107.99401,3.076143,0.30739504
1402447275.0625,1402447275.5,1.24317e-10,1402447275.2307968,32.0,192.0,70.64632,1.7016962,0.785505
1402447485.125,1402447485.375,2.48634e-10,1402447485.233673,32.0,192.0,73.50946,5.017822,2.6781778
1402447697.125,1402447698.375,1.24317e-10,1402447697.7286377,896.0,1664.0,1351.8589,4.246059,1.5707964
1402448096.875,1402448097.75,1.24317e-10,1402448097.2232666,32.0,1152.0,597.12744,0.49087384,2.219516
1402448189.75,1402448190.125,1.24317e-10,1402448189.8729858,320.0,480.0,423.97556,3.583379,1.2087735
1402448384.375,1402448384.75,1.24317e-10,1402448384.5565186,208.0,288.0,235.38551,1.840777,1.3181162
1402447375.25,1402447375.375,1.24317e-10,1402447375.2782745,64.0,448.0,237.9222,1.7016962,0.46341488
1402447590.796875,1402447591.0,6.21584e-10,1402447590.8623962,16.0,192.0,79.34385,1.4480779,1.8667651
1402447794.390625,1402447794.421875,1.36748e-09,1402447794.4023438,320.0,1408.0,828.23083,2.3071072,2.0705013
1402447991.28125,1402447992.0,2.48634e-10,1402447991.59729,1312.0,2044.0,1753.8926,4.246059,1.780667
1402214476.125,1402214476.875,1.24317e-10,1402214476.413681,32.0,704.0,306.52158,4.5896707,1.5291177
1402214572.375,1402214572.875,1.24317e-10,1402214572.711609,64.0,384.0,231.97475,5.3750687,1.4033483
1402214672.625,1402214673.0,1.24317e-10,1402214672.7816467,128.0,384.0,229.66026,3.5735617,0.51601636
1402214888.125,1402214888.75,1.24317e-10,1402214888.3959045,16.0,192.0,68.23581,0.17180584,2.245928
1402214992.0,1402214992.5,1.24317e-10,1402214992.2528687,32.0,704.0,250.98042,0.3436117,1.38218
1402215131.75,1402215132.625,1.24317e-10,1402215132.170044,64.0,1600.0,866.5954,5.434955,0.6492301
1402215242.75,1402215243.0,1.24317e-10,1402215242.8687134,32.0,192.0,82.22523,0.14726216,1.3395748
1402215544.0625,1402215544.1875,1.24317e-10,1402215544.1053467,320.0,1408.0,778.51465,1.7822498,0.67621374
1402368079.125,1402368079.5,1.24317e-10,1402368079.196762,64.0,448.0,241.05649,0.3926991,0.25585246
1402368279.625,1402368280.125,7.45901e-10,1402368279.8117065,16.0,48.0,23.08284,1.5462526,2.300524
1402368388.0,1402368388.375,1.24317e-10,1402368388.1030884,32.0,192.0,71.48233,5.031457,1.2748276
1402368586.375,1402368587.5,1.24317e-10,1402368586.9725952,1088.0,1664.0,1344.2332,5.7923117,2.5192242
1402368781.875,1402368782.125,1.24317e-10,1402368781.9993896,64.0,384.0,152.70096,2.9943304,2.219516
1402368984.25,1402368985.5,1.24317e-10,1402368984.8590088,32.0,192.0,70.31097,2.8470683,2.1186233
1402369082.875,1402369083.5,1.24317e-10,1402369083.076294,32.0,336.0,73.78223,5.105088,1.2965378
1402369192.125,1402369192.375,1.24317e-10,1402369192.1627197,32.0,192.0,77.15659,0.4417865,1.4664403
1402368479.6875,1402368479.875,8.7021806e-10,1402368479.7652588,32.0,192.0,95.75665,3.9760783,1.8020179
1402368682.625,1402368683.5,1.24317e-10,1402368683.020752,832.0,1664.0,1341.5784,3.7060978,0.8410687
1402251659.875,1402251660.75,1.24317e-10,1402251660.272667,16.0,192.0,64.0677,0.41724277,1.4033483
1402251768.859375,1402251769.125,1.24317e-10,1402251768.9644775,24.0,896.0,247.31905,3.3379421,0.10210642
1402252094.5625,1402252095.0,7.45901e-10,1402252094.7208862,64.0,240.0,172.47652,2.2089324,2.730455
1402252496.625,1402252497.375,1.24317e-10,1402252496.920166,16.0,896.0,247.93195,4.344234,1.0946773
1402251864.6875,1402251865.0,6.21584e-10,1402251864.823822,16.0,384.0,139.36362,4.9265885,2.8599925
1402251970.71875,1402251970.8125,1.24317e-10,1402251970.7572021,64.0,640.0,275.18826,0.2699806,1.4033483
1402483227.125,1402483227.75,1.24317e-10,1402483227.3349419,128.0,384.0,232.8668,4.8351073,2.143215
1402483442.0,1402483442.625,1.24317e-10,1402483442.3347473,16.0,384.0,78.782,5.183628,3.0139287
1402483950.3125,1402483950.875,1.24317e-10,1402483950.517273,128.0,416.0,236.43999,1.9277955,0.28160024
1402484274.625,1402484275.625,1.24317e-10,1402484275.005371,128.0,832.0,425.15045,2.6417937,2.8599925
1402484047.875,1402484048.5,1.24317e-10,1402484048.0722656,168.0,960.0,670.23444,2.552544,2.8341978
1402484380.125,1402484380.21875,2.2377e-09,1402484380.1777344,32.0,192.0,107.46794,2.2490947,0.56898564
1402483840.578125,1402483840.625,1.24317e-10,1402483840.5963745,384.0,1152.0,772.0994,2.9545932,2.5991404
1402439156.375,1402439157.125,1.24317e-10,1402439156.6599426,896.0,1664.0,1283.0591,3.9269907,1.3395748
1402439772.125,1402439772.625,1.24317e-10,1402439772.3520508,128.0,384.0,235.55345,4.4914956,1.3181162
1402439865.625,1402439866.125,1.24317e-10,1402439865.720337,64.0,448.0,230.85681,1.3989905,1.1410209
1402439962.375,1402439962.875,6.21584e-10,1402439962.5072021,16.0,192.0,47.295063,0.49087384,2.0705013
1402439460.5625,1402439460.6875,1.24317e-10,1402439460.6185303,32.0,192.0,97.13719,3.6324666,2.9371123
1402471293.75,1402471294.125,1.24317e-10,1402471293.901825,384.0,896.0,716.40643,6.086836,2.4110188
1402471395.75,1402471396.75,1.24317e-10,1402471396.2243347,832.0,1856.0,1352.3782,5.2278066,2.300524
1402471590.125,1402471591.0,1.24317e-10,1402471590.4505005,320.0,640.0,424.06195,4.1233406,1.2529727
1402472195.875,1402472196.25,1.24317e-10,1402472195.9838257,16.0,192.0,63.8943,0.19634955,0.30739504
1402471496.0585938,1402471496.109375,6.21584e-10,1402471496.070343,896.0,2016.0,1572.3431,5.2278066,2.0469153
1402472297.5,1402472298.5,1.24317e-10,1402472297.9213867,1088.0,2044.0,1697.9707,3.4852045,1.3395748
1402223009.75,1402223010.5,1.24317e-10,1402223010.0496674,16.0,192.0,76.279686,0.49087384,1.6751524
1402223938.6875,1402223939.0,1.24317e-10,1402223938.8046875,64.0,384.0,163.6215,4.2951465,1.9106333
1402223618.0,1402223618.625,1.24317e-10,1402223618.19458,320.0,640.0,423.8937,1.6935148,1.5707964
1402244556.5,1402244556.875,1.24317e-10,1402244556.564972,16.0,384.0,103.28707,0.46633017,1.4033483
1402245259.75,1402245260.375,1.24317e-10,1402245259.9119263,32.0,192.0,77.639,3.9269907,1.8020179
1402245455.375,1402245456.25,1.24317e-10,1402245455.725586,128.0,704.0,424.21353,0.7573482,2.4110188
1402245054.875,1402245055.0625,7.45901e-10,1402245054.9647217,128.0,384.0,243.93747,3.509748,1.2748276
1402245359.40625,1402245359.6875,1.24317e-10,1402245359.4779053,832.0,2032.0,1604.68,1.0799224,1.2965378
1402244459.5,1402244460.25,1.24317e-10,1402244459.7625046,64.0,960.0,613.4529,2.7096238,2.6255763
1402273468.625,1402273469.375,1.24317e-10,1402273468.9036255,32.0,1408.0,339.85736,5.3721232,2.4923625
1402273670.125,1402273670.5,1.24317e-10,1402273670.2902222,128.0,384.0,236.2427,5.0560007,2.023613
1402274002.75,1402274003.125,1.24317e-10,1402274002.8864746,896.0,1664.0,1278.3456,2.6752627,2.300524
1402274110.75,1402274111.625,1.24317e-10,1402274111.1172485,32.0,1216.0,334.8516,6.0622926,0.9479698
1402274221.625,1402274221.8125,1.24317e-10,1402274221.6800537,32.0,384.0,111.434166,2.2089324,2.1682029
1402273369.125,1402273369.171875,6.21584e-10,1402273369.1381073,1088.0,1728.0,1315.8728,1.12901,1.2529727
1402273869.2109375,1402273869.5,6.21584e-10,1402273869.371643,16.0,896.0,252.63339,5.0805445,1.4033483
1402460536.875,1402460537.75,1.24317e-10,1402460537.281845,224.0,640.0,421.73544,5.3505254,1.2965378
1402460940.625,1402460941.5,1.24317e-10,1402460940.9502563,24.0,1152.0,603.686,5.939574,0.8686821
1402461451.25,1402461452.125,1.24317e-10,1402461451.5755615,128.0,640.0,425.4476,5.4487,0.92207664
1402461045.1875,1402461045.4375,1.24317e-10,1402461045.296936,32.0,896.0,245.60721,2.1598449,0.30739504
1402461542.34375,1402461542.5,2.48634e-10,1402461542.3961182,576.0,896.0,701.6297,5.8659425,0.9479698
1402461342.46875,1402461342.5625,1.6161199e-09,1402461342.4995117,128.0,384.0,242.64717,0.05609987,0.35914433
1402260220.125,1402260220.5,1.24317e-10,1402260220.2630768,32.0,192.0,72.42289,0.060415246,0.33324155
1402260502.25,1402260502.625,1.24317e-10,1402260502.3927002,32.0,384.0,137.27478,0.3926991,0.25585246
1402260694.875,1402260695.375,1.24317e-10,1402260695.1409302,128.0,384.0,235.87123,4.2041903,0.43723843
1402260794.25,1402260795.0,1.24317e-10,1402260794.6054077,896.0,1664.0,1284.8502,2.8470683,2.219516
1402260903.625,1402260904.0,1.24317e-10,1402260903.8014526,32.0,896.0,287.82156,0.5609987,0.17884691
1402261042.375,1402261042.75,1.24317e-10,1402261042.543579,16.0,384.0,137.7593,0.564505,2.0469153
1402260596.8046875,1402260596.90625,1.24317e-10,1402260596.831665,640.0,2032.0,1546.827,3.2397676,0.20448022
1402260313.28125,1402260313.328125,1.36748e-09,1402260313.3029785,32.0,384.0,123.31369,5.0446725,2.4653792
1402459524.5,1402459525.0,1.24317e-10,1402459524.6648254,32.0,384.0,167.34152,5.3341627,0.6223685
1402460247.875,1402460248.5,1.24317e-10,1402460248.0853271,16.0,192.0,75.90942,1.0553788,1.6961243
1402459419.875,1402459420.0625,1.24317e-10,1402459419.9650116,896.0,1664.0,1301.1002,0.8099419,1.612475
1402459731.9375,1402459732.125,6.21584e-10,1402459732.0127563,16.0,192.0,66.850716,3.5478332,0.7579643
1402460137.4921875,1402460138.5,2.48634e-10,1402460137.9159546,832.0,2040.0,1705.9812,1.5953401,1.3181162
1402459632.15625,1402459632.203125,1.24317e-10,1402459632.1736145,896.0,1472.0,1274.905,6.1261063,0.38510814
1402460039.359375,1402460039.390625,6.21584e-10,1402460039.3621826,1152.0,2016.0,1633.4406,5.1655035,0.67621374
1402224139.75,1402224141.0,1.24317e-10,1402224140.2938232,32.0,224.0,70.3652,1.0762864,2.4382668
1402224239.0,1402224239.5,1.24317e-10,1402224239.2510986,32.0,896.0,252.45937,5.1764884,0.56898564
1402224334.75,1402224335.375,1.24317e-10,1402224334.9287415,128.0,384.0,235.83963,4.884195,1.4454684
1402224443.875,1402224444.875,1.24317e-10,1402224444.268341,16.0,1408.0,597.3975,0.74612826,2.6255763
1402224542.125,1402224542.75,1.24317e-10,1402224542.4691772,16.0,192.0,75.27623,0.7853982,1.4664403
1402224843.5,1402224843.875,1.24317e-10,1402224843.6671143,64.0,896.0,266.62634,0.957204,1.3181162
1402225144.5,1402225145.125,1.24317e-10,1402225144.786499,64.0,448.0,249.61172,4.884195,1.7382444
1402224944.125,1402224944.875,1.24317e-10,1402224944.5462036,32.0,1248.0,617.59973,3.5866516,0.785505
1402311606.375,1402311606.75,1.24317e-10,1402311606.467968,128.0,384.0,230.5828,2.8588495,2.4923625
1402312005.625,1402312006.125,1.24317e-10,1402312005.8141174,32.0,640.0,219.562,5.497787,1.0710913
1402312230.75,1402312231.125,1.24317e-10,1402312230.8591309,128.0,384.0,230.61302,4.712389,2.1682029
1402312537.5,1402312537.875,1.24317e-10,1402312537.6481934,128.0,384.0,232.07474,3.9760783,1.7594128
1402312728.375,1402312728.75,1.24317e-10,1402312728.5550537,16.0,192.0,66.37617,2.2933626,2.4923625
1402311900.3125,1402311900.4375,1.24317e-10,1402311900.3516846,896.0,1664.0,1303.3322,3.1661363,0.8410687
1402312132.71875,1402312132.84375,1.24317e-10,1402312132.7322388,1088.0,1664.0,1281.331,3.2986724,2.7564845
1402312635.7929688,1402312636.25,1.24317e-10,1402312636.043579,192.0,1152.0,692.7266,4.1969714,0.9479698
1402318967.0625,1402318967.75,1.24317e-10,1402318967.2977448,48.0,1664.0,879.04565,0.22089325,1.4033483
1402319291.875,1402319292.5,1.24317e-10,1402319292.2676697,32.0,704.0,219.30588,3.3311718,0.7579643
1402319383.0,1402319383.75,1.24317e-10,1402319383.3111572,16.0,224.0,69.023796,0.028049935,2.4110188
1402319492.25,1402319492.875,1.24317e-10,1402319492.532898,224.0,640.0,419.3411,0.49087384,2.5192242
1402319781.375,1402319781.75,1.24317e-10,1402319781.4796753,64.0,384.0,161.4947,0.33659923,0.17884691
1402319875.625,1402319876.75,1.24317e-10,1402319876.137207,24.0,1728.0,809.8793,1.1044662,2.0469153
1402319984.75,1402319985.125,1.24317e-10,1402319984.8499756,32.0,448.0,79.347626,1.6935148,2.0469153
1402319060.1875,1402319060.375,1.24317e-10,1402319060.247528,32.0,640.0,207.83775,5.0336885,2.572607
1402205072.71875,1402205073.375,1.24317e-10,1402205072.91568,32.0,640.0,425.27112,1.7415351,2.5459704
1402205283.375,1402205283.875,1.24317e-10,1402205283.6333313,32.0,192.0,69.733955,3.0543263,0.70332605
1402205479.625,1402205480.125,1.24317e-10,1402205479.8030396,64.0,448.0,238.7407,6.2340984,0.4111379
1402205703.375,1402205704.625,1.24317e-10,1402205703.9557495,24.0,448.0,72.780464,5.135296,0.33324155
1402205894.875,1402205895.5,1.24317e-10,1402205895.0083008,128.0,384.0,236.04588,4.1724277,1.8020179
1402205995.625,1402205996.75,1.24317e-10,1402205996.100708,1088.0,1664.0,1347.9172,3.478192,2.962746
1402204880.5,1402204881.0,1.24317e-10,1402204880.7287445,32.0,912.0,640.3545,2.0616703,1.5916312
1402205389.5,1402205389.59375,1.24317e-10,1402205389.5421753,384.0,1152.0,795.79913,5.8381267,0.785505
1402242418.5,1402242419.0,1.24317e-10,1402242418.8484497,64.0,640.0,221.10736,1.4971652,1.8234766
1402242523.125,1402242523.75,1.24317e-10,1402242523.4440308,32.0,384.0,162.93434,3.5722947,0.8132037
1402242627.125,1402242628.125,1.24317e-10,1402242627.5593262,1088.0,1728.0,1346.3271,5.0805445,1.5707964
1402242719.0,1402242719.625,1.24317e-10,1402242719.2578125,32.0,1408.0,357.2322,0.2617994,2.5991404
1402242915.0,1402242915.625,1.24317e-10,1402242915.2456055,16.0,384.0,162.20805,1.0799224,2.1186233
1402242324.1328125,1402242324.1640625,1.6161199e-09,1402242324.1426392,1152.0,1952.0,1597.8629,0.957204,1.3181162
1402243024.125,1402243024.625,1.24317e-10,1402243024.3393555,16.0,640.0,132.75584,2.106295,0.56898564
1402405229.0,1402405229.75,1.24317e-10,1402405229.250782,320.0,704.0,423.25278,0.3436117,1.4244412
1402405319.375,1402405320.25,1.24317e-10,1402405319.798706,128.0,640.0,422.81522,6.1709857,0.5424523
1402405514.125,1402405514.875,1.24317e-10,1402405514.3806763,32.0,1088.0,624.0556,4.712389,1.5916312
1402405959.75,1402405960.125,1.24317e-10,1402405959.890686,32.0,320.0,216.6001,1.840777,0.8410687
1402406060.875,1402406061.25,7.45901e-10,1402406061.066162,16.0,56.0,24.73846,0.957204,1.4033483
1402405747.375,1402405748.25,1.24317e-10,1402405747.7045898,32.0,192.0,69.76241,5.497787,1.1179798
1402405413.9375,1402405414.15625,6.21584e-10,1402405414.0591888,64.0,384.0,198.76033,1.6444275,0.9479698
1402405610.15625,1402405610.1875,1.6161199e-09,1402405610.1624146,32.0,640.0,265.4475,6.0650196,0.46341488
1402406253.046875,1402406253.125,6.21584e-10,1402406253.0932617,32.0,448.0,209.11713,0.24543692,1.4664403
1402449751.75,1402449753.0,1.24317e-10,1402449752.3564453,1056.0,1728.0,1347.977,2.9943304,2.730455
1402449860.375,1402449860.625,1.24317e-10,1402449860.431366,32.0,192.0,80.21427,4.7728043,2.808351
1402450153.25,1402450154.0,1.24317e-10,1402450153.496643,1152.0,1664.0,1339.4413,2.1145337,0.33324155
1402450465.125,1402450465.875,1.24317e-10,1402450465.3349,320.0,640.0,423.93716,0.22089325,1.9551933
1402450557.125,1402450557.5,1.24317e-10,1402450557.2843018,32.0,192.0,71.25198,3.8779035,0.4111379
1402450659.75,1402450661.125,1.24317e-10,1402450660.5474854,896.0,1920.0,1338.7502,3.755185,1.4454684
1402450768.625,1402450769.5,1.24317e-10,1402450768.9519043,192.0,640.0,422.14493,1.202641,1.2309594
1402450058.765625,1402450058.8125,1.24317e-10,1402450058.7778015,832.0,2000.0,1539.7057,6.1359234,0.4111379
1402450256.65625,1402450257.25,1.24317e-10,1402450256.9849854,960.0,1696.0,1353.1849,3.2152238,0.9479698
1402449952.015625,1402449952.09375,2.48634e-10,1402449952.0546265,896.0,2032.0,1504.7195,5.5714183,0.99837774
1402450360.078125,1402450360.140625,6.21584e-10,1402450360.0877075,1152.0,1984.0,1657.5122,2.969787,2.0943952
1402449653.96875,1402449653.9921875,6.21584e-10,1402449653.9783897,1152.0,1984.0,1655.793,3.583379,1.633337
1402430469.125,1402430469.75,1.24317e-10,1402430469.417488,128.0,640.0,425.73712,3.4852045,1.2087735
1402430673.375,1402430673.75,6.21584e-10,1402430673.4979553,32.0,192.0,70.259415,4.8578334,2.4382668
1402430779.5,1402430779.75,2.48634e-10,1402430779.569397,16.0,96.0,26.783016,1.4726217,1.88862
1402431277.75,1402431279.125,1.24317e-10,1402431278.248413,24.0,448.0,77.37372,6.002686,0.35914433
1402431386.25,1402431386.875,1.24317e-10,1402431386.6381836,32.0,1248.0,321.97653,4.074253,1.633337
1402430570.71875,1402430570.8125,1.24317e-10,1402430570.7485046,64.0,448.0,243.87999,1.767146,2.023613
1402431494.0,1402431494.09375,1.24317e-10,1402431494.0405273,384.0,1216.0,783.25464,1.4726217,1.7594128
1402375318.875,1402375319.5,1.24317e-10,1402375319.1812286,16.0,192.0,66.45791,3.6570103,1.0946773
1402375420.5,1402375421.125,1.24317e-10,1402375420.628357,16.0,384.0,100.902824,5.8413987,0.92207664
1402375623.75,1402375624.0625,6.21584e-10,1402375623.8200378,16.0,192.0,68.50654,3.010693,0.785505
1402375823.125,1402375823.875,1.24317e-10,1402375823.3884888,128.0,640.0,424.21603,2.5770876,2.000572
1402376004.125,1402376005.25,1.24317e-10,1402376004.560852,1088.0,1664.0,1345.318,0.90811664,1.780667
1402376109.5,1402376110.125,1.24317e-10,1402376109.6749878,16.0,288.0,74.19491,5.4192476,2.88574
1402375913.125,1402375913.5625,1.24317e-10,1402375913.4301758,384.0,1408.0,811.4507,0.6135923,1.612475
1402376398.4375,1402376398.625,6.21584e-10,1402376398.491333,128.0,384.0,233.6379,3.100256,2.6519203
1402376302.5,1402376303.125,1.24317e-10,1402376302.8815918,16.0,640.0,75.215065,0.3926991,1.6751524
1402249340.96875,1402249341.25,1.24317e-10,1402249341.0345917,32.0,704.0,301.52,0.93266034,1.4244412
1402249639.5,1402249640.125,1.24317e-10,1402249639.6716309,32.0,384.0,153.25386,3.0925052,2.730455
1402249747.125,1402249747.5,1.24317e-10,1402249747.2801514,32.0,192.0,82.94473,1.914408,0.9733899
1402249844.625,1402249845.0,1.24317e-10,1402249844.729187,16.0,192.0,80.45896,3.0979593,2.6781778
1402250154.5,1402250155.125,1.24317e-10,1402250154.8618774,128.0,384.0,236.27386,3.1877925,2.7043543
1402250358.5,1402250358.75,1.24317e-10,1402250358.6427002,128.0,384.0,237.87195,4.098797,1.780667
1402249449.03125,1402249449.0546875,1.24317e-10,1402249449.04068,1152.0,2016.0,1651.1469,4.5896707,1.4033483
1402433205.875,1402433206.5,1.24317e-10,1402433205.9748535,16.0,384.0,102.17335,3.828816,1.2529727
1402433096.8125,1402433096.9375,2.48634e-10,1402433096.824524,32.0,192.0,75.088524,4.843289,2.6781778
1402433411.375,1402433411.5,2.48634e-10,1402433411.4223633,16.0,192.0,78.9179,2.5770876,2.0469153
1402433701.875,1402433702.0625,1.24317e-10,1402433701.9066162,640.0,2040.0,1529.235,5.620506,1.0946773
1402433609.15625,1402433609.25,7.45901e-10,1402433609.192627,64.0,448.0,244.05432,5.276894,1.612475
1402433307.265625,1402433307.296875,1.24317e-10,1402433307.276123,384.0,1152.0,754.7777,2.8978486,2.3836286
1402436661.4375,1402436661.875,1.24317e-10,1402436661.586914,128.0,448.0,234.62074,5.8904867,0.67621374
1402436760.5,1402436760.875,1.24317e-10,1402436760.5969238,16.0,384.0,76.56958,0.07139983,2.8599925
1402436865.875,1402436866.25,1.24317e-10,1402436865.9502258,32.0,832.0,319.8701,3.1789927,0.5424523
1402437263.25,1402437264.0,1.24317e-10,1402437263.524109,32.0,960.0,256.97415,1.0553788,1.2748276
1402437371.25,1402437372.0,1.24317e-10,1402437371.586975,32.0,1472.0,348.02963,2.4543693,2.9371123
1402437589.6875,1402437590.25,1.24317e-10,1402437589.942505,96.0,896.0,613.4597,0.5969026,2.4923625
1402437067.625,1402437068.5,1.24317e-10,1402437068.0126343,32.0,192.0,70.93068,3.462892,0.56898564
1402212126.375,1402212126.75,1.24317e-10,1402212126.4784546,32.0,192.0,71.55301,3.5588355,1.6542263
1402212234.0,1402212234.65625,6.21584e-10,1402212234.3118286,1152.0,2044.0,1751.708,1.202641,1.3181162
1402212328.6875,1402212329.125,1.24317e-10,1402212328.8605042,32.0,896.0,245.58473,3.010693,2.6781778
1402212435.125,1402212436.125,1.24317e-10,1402212435.6118774,32.0,192.0,69.95466,2.1513083,2.5459704
1402212539.125,1402212539.75,1.24317e-10,1402212539.3638916,16.0,896.0,244.90536,1.6198838,1.4664403
1402212639.90625,1402212640.0625,1.24317e-10,1402212639.949585,896.0,1472.0,1290.0116,0.40840703,2.4923625
1402212747.1875,1402212747.375,1.24317e-10,1402212747.210083,64.0,448.0,260.26062,5.157448,2.3560877
1402212846.59375,1402212847.375,1.24317e-10,1402212846.904541,1056.0,1664.0,1340.9501,2.0616703,0.92207664
1402456815.0,1402456815.875,1.24317e-10,1402456815.3650932,32.0,1664.0,837.72943,2.3071072,1.7594128
1402456910.0,1402456911.0,1.24317e-10,1402456910.4887848,24.0,96.0,69.98895,0.36815542,1.4454684
1402457212.5,1402457213.625,2.85929e-09,1402457212.859558,288.0,640.0,419.12433,5.325981,1.5291177
1402457308.625,1402457309.375,1.24317e-10,1402457308.8945312,288.0,640.0,424.80255,5.129632,2.0943952
1402457588.375,1402457589.5,1.24317e-10,1402457588.7185059,32.0,1216.0,599.12366,4.1969714,1.3609258
1402457688.625,1402457689.375,1.24317e-10,1402457688.9020996,32.0,960.0,262.76093,3.6551225,0.67621374
1402457782.125,1402457782.5,1.24317e-10,1402457782.2670288,16.0,192.0,67.789825,3.6324666,1.5499616
1402457889.375,1402457890.125,1.24317e-10,1402457889.7130127,16.0,384.0,103.51204,2.2825634,2.0943952
1402457992.03125,1402457992.125,1.24317e-10,1402457992.0601807,64.0,384.0,243.12483,2.8225248,2.0943952
1402325122.9375,1402325123.375,1.24317e-10,1402325123.1004333,16.0,192.0,68.64942,6.1113796,0.9479698
1402325329.375,1402325329.875,1.24317e-10,1402325329.614502,128.0,384.0,234.11995,3.4361172,1.8020179
1402325544.375,1402325544.75,1.24317e-10,1402325544.5446167,32.0,192.0,69.86719,0.883573,1.4244412
1402325645.25,1402325646.375,1.24317e-10,1402325645.7957764,896.0,1728.0,1342.9242,5.301438,0.8686821
1402325739.625,1402325740.125,2.61065e-09,1402325739.7640991,16.0,96.0,27.266895,5.5714183,0.9479698
1402324919.5117188,1402324919.546875,2.2377e-09,1402324919.523468,896.0,1472.0,1271.578,5.276894,0.99837774
1402325851.0585938,1402325851.09375,6.21584e-10,1402325851.0717773,384.0,1152.0,788.6438,3.2926307,0.67621374
1402275667.5,1402275668.0,1.24317e-10,1402275667.6282654,896.0,1664.0,1264.5753,3.2986724,0.12766427
1402275773.625,1402275774.125,1.24317e-10,1402275773.7319489,32.0,192.0,70.714066,3.0854928,2.7824485
1402275874.25,1402275874.625,7.45901e-10,1402275874.401947,16.0,192.0,70.792015,0.43633232,0.23014726
1402276070.25,1402276070.5,1.24317e-10,1402276070.332306,16.0,192.0,75.95298,1.9389517,1.780667
1402276586.875,1402276587.375,1.24317e-10,1402276587.0472412,16.0,960.0,242.30193,6.1709857,2.962746
1402276374.875,1402276375.0625,1.24317e-10,1402276374.9645996,128.0,736.0,333.64682,1.4480779,1.4454684
1402406483.125,1402406484.0,1.24317e-10,1402406483.5293732,32.0,1440.0,583.45856,5.0805445,0.99837774
1402406574.875,1402406575.25,1.24317e-10,1402406574.947876,64.0,576.0,169.79547,0.43633232,0.23014726
1402406671.75,1402406672.375,1.24317e-10,1402406672.050354,16.0,896.0,251.2614,1.9880391,1.9551933
1402406777.25,1402406777.875,1.24317e-10,1402406777.6038818,16.0,192.0,70.58142,5.8227797,0.7579643
1402406884.375,1402406884.75,1.24317e-10,1402406884.457367,16.0,384.0,104.17115,0.7608545,1.5707964
1402407095.25,1402407095.75,1.24317e-10,1402407095.3530884,16.0,384.0,105.69342,2.2383847,0.51601636
1402407281.375,1402407281.75,1.24317e-10,1402407281.517212,32.0,192.0,77.22576,4.246059,1.4454684
1402407389.25,1402407389.625,1.24317e-10,1402407389.3996582,32.0,896.0,241.03691,0.9817477,1.3395748
1402407495.0,1402407495.296875,1.24317e-10,1402407495.0916748,24.0,288.0,76.26492,6.1709857,2.5991404
1402398122.0,1402398122.375,1.24317e-10,1402398122.1450348,16.0,192.0,75.42993,2.9452434,2.2729106
1402398421.53125,1402398422.875,1.24317e-10,1402398422.0964966,1056.0,2040.0,1678.018,2.8522356,2.6519203
1402399046.125,1402399046.875,1.24317e-10,1402399046.4902344,16.0,896.0,242.42812,0.6872234,1.845055
1402398729.3125,1402398729.875,1.24317e-10,1402398729.5889893,40.0,1216.0,603.1943,4.0497093,1.6542263
1402398329.25,1402398329.375,1.24317e-10,1402398329.324646,64.0,384.0,231.20363,4.810564,2.2729106
1402290341.75,1402290343.0,1.24317e-10,1402290342.255371,832.0,1728.0,1351.8997,2.012583,1.2087735
1402290438.0,1402290438.375,1.24317e-10,1402290438.1326294,32.0,384.0,105.15358,0.09062286,2.4653792
1402290531.75,1402290532.5,1.24317e-10,1402290532.1090698,32.0,1408.0,344.05695,4.9332824,1.6542263
1402290631.875,1402290632.25,1.24317e-10,1402290632.0089111,16.0,320.0,88.98165,4.540583,2.0469153
1402290731.0,1402290731.6875,1.24317e-10,1402290731.3147583,32.0,1504.0,792.58563,2.9583333,2.3560877
1402291133.875,1402291134.75,1.24317e-10,1402291134.2675781,896.0,1664.0,1335.5511,5.3996124,2.5192242
1402290824.75,1402290825.625,1.24317e-10,1402290825.1484375,32.0,192.0,69.926926,5.3894563,2.3836286
1402454495.75,1402454496.125,1.24317e-10,1402454495.9109116,32.0,192.0,69.64825,1.4235342,1.2529727
1402455282.125,1402455282.375,6.21584e-10,1402455282.1506958,32.0,192.0,75.102455,6.0765023,0.48967242
1402455381.0625,1402455381.5,1.24317e-10,1402455381.1900635,544.0,896.0,730.27747,0.2699806,1.8667651
1402455477.25,1402455477.625,1.24317e-10,1402455477.3774414,32.0,896.0,259.14548,5.595962,0.20448022
1402454695.40625,1402454695.5625,1.24317e-10,1402454695.4692078,896.0,1984.0,1539.7651,6.1604667,1.0471976
1402454800.90625,1402454801.2265625,2.3620201e-09,1402454801.0391846,384.0,1216.0,784.76166,4.8351073,2.300524
1402281669.625,1402281670.0,1.24317e-10,1402281669.7332077,16.0,192.0,67.06156,1.4971652,1.0946773
1402282083.625,1402282084.5,1.24317e-10,1402282084.0477905,1056.0,1664.0,1352.1299,4.025166,1.8020179
1402282186.75,1402282187.125,1.24317e-10,1402282186.8589478,320.0,1408.0,799.0206,4.147884,1.0946773
1402282389.5,1402282390.0,1.24317e-10,1402282389.7444458,16.0,384.0,142.4488,4.9823694,1.780667
1402282480.0,1402282480.5,1.24317e-10,1402282480.2028809,16.0,640.0,199.01913,5.276894,1.3181162
1402282617.625,1402282618.875,1.24317e-10,1402282618.265747,832.0,1728.0,1344.9559,5.5538874,0.35914433
1402282727.125,1402282727.75,1.24317e-10,1402282727.324829,128.0,992.0,618.50684,4.565127,1.5082557
1402219245.375,1402219246.125,1.24317e-10,1402219245.5366364,128.0,896.0,245.8716,4.6142144,2.023613
1402219444.8125,1402219445.25,1.24317e-10,1402219444.888565,320.0,1408.0,805.14496,4.6142144,1.7594128
1402220037.5,1402220038.0,1.24317e-10,1402220037.7371826,192.0,320.0,235.36017,1.202641,1.5707964
1402219535.125,1402219535.25,1.24317e-10,1402219535.1540527,896.0,1664.0,1281.5648,2.1107576,0.92207664
1402219644.09375,1402219644.1875,1.24317e-10,1402219644.1271667,64.0,384.0,226.18648,6.0441513,2.5459704
1402309545.25,1402309545.875,1.24317e-10,1402309545.499939,320.0,640.0,427.63974,1.914408,1.38218
1402310038.375,1402310039.125,1.24317e-10,1402310038.7167969,128.0,640.0,423.4572,2.2133949,2.8599925
1402310336.0,1402310336.375,1.24317e-10,1402310336.1989746,32.0,896.0,265.59625,5.769656,0.67621374
1402309739.96875,1402309740.15625,1.24317e-10,1402309740.0453491,384.0,1152.0,759.92065,6.1850104,0.9733899
1402309346.625,1402309347.375,1.24317e-10,1402309346.8715973,32.0,1152.0,613.29865,4.221515,1.7171515
1402357740.125,1402357740.625,1.24317e-10,1402357740.356987,16.0,896.0,238.88998,3.6570103,1.7382444
1402357840.75,1402357842.125,1.24317e-10,1402357841.43544,896.0,1728.0,1343.932,5.031457,1.8234766
1402358028.625,1402358029.125,1.24317e-10,1402358028.868988,32.0,896.0,315.39792,2.9943304,2.1682029
1402358232.375,1402358233.125,1.24317e-10,1402358232.734558,64.0,448.0,243.08041,2.4543693,2.9371123
1402358327.5,1402358328.25,2.48634e-10,1402358327.781128,1424.0,2040.0,1810.4288,4.6142144,2.023613
1402358126.625,1402358127.375,1.24317e-10,1402358126.8997498,56.0,960.0,631.9137,2.2334762,1.7382444
1402300124.25,1402300125.5,1.24317e-10,1402300124.715454,32.0,448.0,72.39873,0.93266034,1.3395748
1402300353.0,1402300353.875,1.24317e-10,1402300353.3969116,32.0,1664.0,841.91425,1.521709,1.3395748
1402300541.375,1402300542.125,1.24317e-10,1402300541.7077026,16.0,384.0,135.2244,3.0293927,2.5991404
1402300649.875,1402300650.625,6.21584e-10,1402300650.1849365,16.0,384.0,87.94552,1.276272,2.5192242
1402300751.125,1402300752.0,1.24317e-10,1402300751.3930664,320.0,640.0,425.5052,0.564505,1.612475
1402299910.21875,1402299910.375,2.48634e-10,1402299910.2584229,128.0,416.0,247.1102,1.4235342,1.5499616
1402300220.9921875,1402300221.03125,1.24317e-10,1402300221.0059814,64.0,448.0,221.01326,3.9269907,1.8020179
1402299702.3671875,1402299702.390625,1.36748e-09,1402299702.378151,384.0,960.0,757.286,3.2129927,2.8599925
1402300444.6875,1402300445.625,1.24317e-10,1402300445.1340332,1088.0,1568.0,1331.6382,2.1843886,0.9479698
1402293716.125,1402293716.875,1.24317e-10,1402293716.3407135,16.0,448.0,79.12785,0.04133675,2.6519203
1402293826.125,1402293826.875,1.24317e-10,1402293826.4576263,48.0,88.0,70.03338,4.6878457,2.193623
1402294012.375,1402294013.625,1.24317e-10,1402294012.9942932,896.0,1664.0,1339.4406,0.3926991,2.023613
1402294120.125,1402294120.5,2.48634e-10,1402294120.2619019,64.0,384.0,145.15727,5.3996124,1.3395748
1402294323.0,1402294323.375,1.24317e-10,1402294323.100769,192.0,320.0,235.6992,4.8578334,2.4382668
1402294430.1875,1402294430.5,1.24317e-10,1402294430.2772217,64.0,448.0,231.54947,1.0799224,1.5082557
1402294528.4375,1402294529.0,1.24317e-10,1402294528.5560913,16.0,384.0,80.318634,6.0132046,0.8410687
1402294632.375,1402294633.125,1.24317e-10,1402294632.7141113,32.0,192.0,74.73464,1.6935148,1.9551933
1402294730.75,1402294731.75,1.24317e-10,1402294731.319336,16.0,384.0,76.527084,2.6752627,2.300524
